id,product_id,score,comment_time,comment,sentiment
34339,100007766168.0,5.0,2020-05-17 17:13:26,外形外观外观大气外形大小刚好适合屏幕显示比较清晰易操作家里老人也能懂恒温效果热水效果快热度相对隐定调节方便手机也可以操作噪音大小噪音很小尤其是打火声音小可以承受安装服务安装师傅服务态度很好约定时间准时到达耗能情况耗能不错的温控方便省电省气,0.9999992941406655
34340,100007766168.0,5.0,2020-04-10 22:01:32,外观很好恒温很好噪音很小出水很冲疫情期间自己安装减少接触能耗未知得使用一段时间,0.9007091142424719
34341,100007766168.0,5.0,2019-11-04 20:23:57,外形外观很大方家里人都说很有面子颜色很好看恒温效果保温也不错家里人够用了操作也很方便安装服务师傅很有礼貌也可能客气动手能力超赞出水速度出水很满意达到理想要求非常棒继续努力希望产品质量杠杠的美的加油,0.999999999999303
34342,100007766168.0,5.0,2020-01-18 11:16:18,外形外观外观很好看也搭配我家瓷砖恒温效果温度非常稳定没啥可挑剔的噪音大小没啥特别声音出水速度挺快的比我家之前那个热乎得快安装服务师傅很专业不紧不慢地还挺快就给装好了,0.9973266755236837
34343,100007766168.0,5.0,2020-01-17 19:55:01,商品收到了年底了送货依然很快一直搬到家里热水器外观美观大气耐脏售后安装专业自带鞋套衣着干净整洁安装完事后进行了试用不到一分钟热水就呼呼的噪音很小出水速度杠杠的温度很稳棒棒哒,0.9937350362511977
34344,100007766168.0,5.0,2019-11-15 20:22:43,外形外观非常美观做工精细操作方便出水速度很快恒温效果非常好噪音大小噪音小耗能情况节能环保安装服务服务一流,0.9999721745572094
34345,100007766168.0,5.0,2020-05-10 14:35:40,安装师傅特别好认真负责每一步都讲解安装特别仔细美的服务就是好支持美的这个安装师傅人特别好给老人买的每一步都特别认真的教老人100分支持外形外观大气美观恒温效果洗澡特别方便一直都有热水而且还是不用调节直接设置好温度就可以噪音大小声音不大能接受真的不错出水速度水压不是太高都可以使用安装服务态度很好特别认真美的服务特别棒耗能情况还好能接受,0.9999999995807047
34346,100007766168.0,5.0,2020-05-08 17:46:22,外形外观拉丝金奢华而低调且有内涵而且设计的按键和led显示屏也很小巧摁着也很舒服wifi功能是十分棒温度不合适再也不用扯着嗓子喊了恒温效果温度调到一定的数值水温还是很恒定的不像老款调试水温麻烦噪音大小几乎没有什么噪音不像以前轰隆隆隆的出水速度迅速出水不拖沓安装服务安装师傅专业耐心堪称完美,0.9992946438051789
34347,100007766168.0,5.0,2020-01-09 22:54:01,外形外观美的这几款热水器今年我买了三台了用的都很不错大品牌不用担心这款还没安装使用外形一样的金色很大气上档次恒温效果这几款热水器都一样的不像以前我用的老热水器容易忽冷忽热不是太好噪音大小噪音也不大一般厨房都是关着门开点窗户不会有很大的声音的总之很信赖美的大品牌很好的,0.9978082899349067
34349,100007766168.0,5.0,2020-03-28 16:52:45,恒温效果等待后续评价噪音大小噪音接受范围内耗能情况灰常节能安装服务京东服务真的一流值得好评出水速度目前还没测试品牌效应不会差的外形外观外观新颖,0.999981347567984
34350,100007766168.0,5.0,2019-11-04 17:52:57,东西很不错物流也很快下单后第二天货就收到了安装师傅也很给力认真负责做到安装起来看起很美观这次购物非常满意,0.9854888188571209
34351,100007766168.0,5.0,2020-03-06 13:05:15,外形外观很大气恒温效果用了有一段时间恒温效果非常好噪音大小声音小很满意出水速度出水很快差不多10秒左右吧安装服务安装师傅服务态度好刚开始不会用师傅耐心教了一下很快学会了耗能情况不知怎么看,0.9995802700965698
34352,100007766168.0,5.0,2019-10-29 11:24:25,外形外观土豪金大气恒温效果很好噪音大小能接受出水速度很快就热了安装服务安装非常好态度不错所以耗材都有收费标准不怕被坑,0.9925890452371382
34353,100007766168.0,5.0,2020-04-12 11:17:25,之前用的也是美的热水器老的时间太长了内胆漏水了这次直接买的这wifi款老的取下来新的上墙螺丝啥都不用改动直接挂上拧紧就可以了但是内部电板做工那里还有待加强通电后出现共振现象最后是自己拿减震泡沫给加固了其他很完美Wi-Fi调整用起来很舒服这款性价比首选了,0.9125239580471824
34354,100007766168.0,5.0,2019-10-16 18:44:57,外形外观设计漂亮恒温效果温度温差小噪音大小声音特别小出水速度速度杠杠的而且不会出现关了再开会烫到的情况,0.9953631522800781
34356,100007766168.0,5.0,2020-02-24 23:31:17,出水效率恒温出水热水出得快不担心小孩烫伤外观设计美的的拉丝质感很不错安装情况美的客服送货安装一体安全放心效率高恒温效能本身自己用太阳能热水器冬天总是差那么几度接上燃气热水器加热轻松加热整栋楼厨房冲凉房都可以用上很节能智能WIFI控制手机方便调温度与开关机不用爬楼顶这个功能最实用了nbsp材质做工美的大品牌值得信懒整体评价客户很耐心送装师傅人很好客服的态度也非常好耐心买大品牌美的没错我一次买了两个16升和12升都好用非常愉快的一次购物下次有亲朋好友要买我还推荐这款美的的非常愉快的一次购物,0.9999054532717635
34358,100007766168.0,5.0,2020-05-31 07:44:40,第一次买美的热水器外观精致水也很大比以前那个好用送货上门售后无忧,0.9444292063159303
34359,100007766168.0,5.0,2019-11-17 13:18:13,外观是拉丝面黑色大屏与厨房整体色调完全一致低噪音出热水也快安装服务非常认真安装后又给把墙屋顶擦干净配件价格便宜真正为顾客考虑ldquo生活可以更美的rdquo为美的点赞,0.9999602465589279
34360,100007766168.0,5.0,2020-01-30 14:04:41,外形外观挺不错的收到货之后从包装设计上很专业保护的很好完美到货安装服务安装联系了美的的售后服务按照美的的标准报价了一遍安装材料费确实有点贵啊网上查了下都这样恒温效果还没使用年后再说,0.9998845391167844
34361,100007766168.0,5.0,2020-01-11 14:16:26,外形外观美观恒温效果很好噪音大小没有出水速度很快安装服务比较好耗能情况节能,0.9994385354167943
34362,100007766168.0,5.0,2019-11-10 19:34:50,刚装好卫生还没打扫好看看这款高大尚热水器很是喜欢果断选择美的产品厨房安装了一套,0.9939362305637429
34363,100007766168.0,5.0,2020-06-09 14:08:34,调节方便屏幕显示很大字迹清晰操作简单适合老年人使用恒温调控用起来很方便,0.9713338677755927
34364,100007766168.0,5.0,2020-02-02 10:16:33,美的不愧为是大品牌在春节期间都能送货及时到位初三安装师傅及时使用中感觉质量很好外观设计漂亮点赞国货精品,0.9999661062978181
34365,100007766168.0,5.0,2019-12-26 22:22:19,外形外观很棒不错恒温效果智能好用噪音大小一般还可以接受出水速度很快安装服务师傅人很好耗能情况还可以接受家里人都觉得这个热水器很棒,0.999986692839825
34366,100007766168.0,5.0,2020-01-09 14:06:23,外观设计风格独特设计风格简约大方价格实惠性价比超高安转服务态度好,0.9999999977611964
34367,100007766168.0,5.0,2020-03-06 13:13:57,外形外观还是挺好看的噪音大小噪音很小出水速度很快一点就着安装服务第一天送第二天就安装好了,0.9965253693663583
34368,100007766168.0,5.0,2020-07-02 11:04:40,这款美观大方送货及时安装师傅很细心收费项目介绍的很清楚为师傅点赞,0.9980200094505285
34370,100007766168.0,5.0,2020-02-14 17:41:48,外形外观外形好看大气恒温效果稳定噪音大小还小吧出水速度快稳定安装服务师安装非常熟练也很细心耗能情况用一会就知道了,0.9999375694107462
34371,100007766168.0,5.0,2020-06-09 21:03:20,外形外观纤薄小巧安装服务美的京东店的发货速度联系确认和安装预约服务都很贴心满意宋师傅安装的服务很热情周到马上618了很忙但是也急客户所急迅速点赞,0.999999843250922
34372,100007766168.0,5.0,2020-01-03 07:58:19,外形外观漂亮大气恒温效果恒温好噪音大小噪音小出水速度出热快安装服务态度好耗能情况耗能小,0.9992356586968626
34373,100007766168.0,5.0,2020-03-14 07:49:09,外观大方效果不错无噪音出水速度快安装服务很好没有耗能,0.9998583751690822
34374,100007766168.0,5.0,2020-05-14 17:12:02,外形外观外观漂亮很潮出水速度出水大水温稳定安装师傅很细心,0.9998827068402165
34376,100007766168.0,5.0,2020-05-23 11:20:00,赵金岭师傅负责安装的人特别好设计合理非常满意感谢,0.9654824657709561
34377,100007766168.0,5.0,2020-06-05 09:16:51,外形外观很好看恒温效果比较好温度稳定噪音大小小出水速度比较快,0.9999643009460631
34378,100007766168.0,5.0,2020-01-17 08:20:00,非常好效果杠杠的安装服务到位还送了好多福利可以,0.9734286163037306
34379,100007766168.0,5.0,2020-05-05 10:19:39,早就安装好到现在才评价家里煤气一直没通安装师傅很细心负责很准时的过来家里帮忙安装好考虑周到安装费也不贵另外热水器出水很不错几秒出热水质量没话说老公也赞说性价比非常好,0.8243764190508562
34380,100007766168.0,5.0,2020-05-21 14:46:11,外形外观好非常大气恒温效果好温度设定方便噪音大小小出水速度反应快阀门开小也能点燃安装服务好非常满意,0.9997463830444356
34381,100007766168.0,5.0,2020-01-14 05:22:55,外形外观很漂亮恒温效果不错热得快噪音大小静音出水速度很大安装服务到位耗能情况耗电量不是很大,0.9999776250438327
34382,100007766168.0,5.0,2020-03-18 08:40:10,外形外观金色很好看大气恒温效果挺好的噪音大小很小出水速度很快安装服务非常好很满意呢大清早就来帮我安装了耗能情况这个目前不清楚哈,0.9998967939832677
34384,100007766168.0,5.0,2020-01-06 08:13:28,外形外观简约大气恒温效果智能变频恒温噪音大小静音出水速度3秒出水很快安装服务售后安装及时认真辅材费公道,0.9958701959602867
34385,100007766168.0,5.0,2020-06-10 16:53:19,外形外观漂亮恒温效果满意噪音大小不错出水速度快安装服务非常满意安装师傅很负责任要特别给个赞耗能情况待观察,0.9997296916389669
34386,100007766168.0,5.0,2020-07-08 13:38:43,外观简约大气实用安装师傅技术娴熟很不错的购物体验,0.9993568739473373
34387,100007766168.0,5.0,2019-12-28 16:23:46,物流很快超过我想象产品很给力加热速度很快我原来老热水器加热要4个多小时现在仅需要1个小时左右再也不必为等待烦恼了人性的设计有多长保护尤其是进水过滤功能我觉得非常好不必担心使用久了要请人清理的麻烦总之物有所值性价比很高想买热水器的朋友不必犹豫买到就是赚到,0.9949337511597696
34388,100007766168.0,5.0,2020-05-27 11:33:13,外形外观简洁大方出水速度快安装服务很好噪音大小没什么噪音,0.9999822042205168
34389,100007766168.0,5.0,2019-10-03 14:58:12,安装师傅速度很快很帅很好,0.8898516968598409
34390,100007766168.0,5.0,2020-03-26 17:22:02,容量非常大货已经有收到了到货非常快质量非常好送货师傅态度很好都是送货上门安装好服务态度非常好家里大大小小的家电都是京东买的非常满意售后服务也很到位以后还会介绍朋友再来购买的值得推荐的购物商家,0.9877254216224736
34391,100007766168.0,5.0,2020-06-14 10:52:20,外形外观外观很简洁很漂亮功能非常的好效果非常好非常满意运行的时候声音非常小老品牌值得信赖表扬下京东的物流不错送货上门,0.9999999998822726
34393,100007766168.0,5.0,2020-01-05 17:40:19,东西收到了非常棒包装也很完整我这是六楼师傅都送上来了安装人员也很热情安装的很利落,0.9449490095081259
34394,100007766168.0,5.0,2020-04-11 15:53:34,外形外观外观很方正颜色很素功能简单恒温效果待试温安装服务安装师傅很周到安装服务免费收费项目就是水管等有明细顺带把旧的换成新的以免以后麻烦很完美就是不晓得热水器能用多久,0.7678410500517197
34395,100007766168.0,5.0,2019-11-03 16:46:50,安装服务師傅准時到達态度良好技術好外形外观很棒恒温效果未試耗能情况未試,0.9998626129247985
34396,100007766168.0,5.0,2019-12-28 19:31:28,制热效果很快出水也快噪音接受范围内过段时间再看恒温效果,0.8463067488517693
34397,100007766168.0,5.0,2019-12-23 10:49:29,外形外观做工精细美观恒温效果出水温度恒定噪音大小噪音不大出水速度出水速度很好安装服务安装很快比较专业,0.999981238898721
34398,100007766168.0,5.0,2020-04-18 15:05:50,外观时尚大方使用很方便出热水快操作简单恒温,0.9999243470177404
34399,100007766168.0,5.0,2020-05-11 18:47:04,恒温效果稳定出水速度水量大安装服务师傅安装非常细心负责,0.9782158948487526
34400,100007766168.0,5.0,2019-09-10 21:32:16,商品刚收到由于天气下雨打湿了我和快递员打开看了里面还好看上去外观很不错是自己喜欢的款式还没有安装用了再来评价,0.6187759734745113
34402,100007766168.0,5.0,2019-11-13 10:49:50,外形外观金色钢外观简单大气恒温效果自带恒温功能噪音大小噪音小出水速度出水速度快安装服务安全师傅非常好耗能情况非常省气,0.9999007083634939
34403,100007766168.0,5.0,2020-05-13 11:22:32,东西很不错用起来方便京东购物方便给力送货服务很赞都打开看了是正品质量应该不错,0.9999224594630255
34404,100007766168.0,5.0,2020-02-24 17:00:27,外形外观很好漂亮大气恒温效果待评噪音大小比较小能接受出水速度很满意安装服务自己安装耗能情况待评,0.998358099380004
34405,100007766168.0,5.0,2020-06-05 13:07:50,物流很快快递老师服务很好送上门安装师傅服务态度也很好安装测试讲解很到位非常感谢这么热的天服务这么好来安装,0.9926768254607072
34406,100007766168.0,5.0,2020-02-20 20:02:52,外形外观很有高级感出水速度出水很快比我们之前的那个出水快多了恒温效果水温也很稳定,0.9998018731263381
34407,100007766168.0,5.0,2020-05-20 15:58:22,恒温效果很好用的外形外观很时尚出水速度很不错的速度安装服务很好很专业噪音大小很小,0.9999995664665485
34408,100007766168.0,5.0,2020-01-25 09:09:07,外形外观金色外形尊贵奢华热水一来急来价廉物美就问香不香,0.9936218050101305
34409,100007766168.0,5.0,2020-04-09 15:58:35,物流因疫情拖了一段时间这个可以理解物流一恢复发货快的很宝贝已使用了质量很好连接无线网很有科技感售后服务给力,0.9848054133418149
34410,100007766168.0,5.0,2020-04-01 14:37:21,热水器安装简单不繁琐质量外观都很一流快递包装也很安全不会有任何损坏,0.7191848282813487
34411,100007766168.0,5.0,2020-05-20 10:52:50,产品不错前个也是美的的售后安装很及时服务态度非常好,0.9661771359591792
34412,100007766168.0,5.0,2020-06-01 22:10:18,外形大小合适出热水很快恒温效果不错安装师傅专业物美价廉值得购买,0.9998959578233828
34414,100007766168.0,5.0,2020-06-11 16:38:26,很好非常满意的一次购物用起来很顺手家人们都夸我买得好嘻嘻这真是我最满意的一次购物了,0.9999720135999971
34415,100007766168.0,5.0,2019-12-21 10:28:08,东西不错物流很快安装也很专业水热好暖和,0.915552070392699
34416,100007766168.0,5.0,2019-10-26 17:42:24,外形外观漂亮大气恒温效果很好出水温度稳定噪音大小不大可以接受出水速度快安装服务服务态度很好,0.9997174869990687
34417,100007766168.0,5.0,2019-12-20 19:24:26,外观贼好看实用方便家里人很喜欢我永远喜欢美的,0.9997573003391466
34418,100007766168.0,5.0,2020-03-14 23:58:50,外形外观简单大方恒温效果多人使用毫无压力噪音大小安装在厨房影响不大出水速度速度水量都特别大安装服务安装给力耗能情况节能省钱,0.9997559255624009
34419,100007766168.0,5.0,2019-11-14 20:54:12,外形外观外观很喜欢香槟色恒温效果恒温加热速度快出水速度出水速度棒棒哒安装服务安装速度比较快耗能情况能耗可以接受,0.9999014186897365
34420,100007766168.0,5.0,2020-04-20 13:09:35,款式新颖出水温度适中很喜欢,0.9538510026687754
34422,100007766168.0,5.0,2020-06-11 14:08:24,出乎我的意料包装非常仔细下次有机会再找你店家人蛮好的东东很不错淘到心意的宝贝是一件让人很开心的事比心质量非常好与卖家描述的完全一致真的很喜欢完全超出期望值发货速度非常快包装非常仔细严实物流公司服务态度很好运送速度很快,0.9999984004053247
34423,100007766168.0,5.0,2019-12-01 16:41:04,家里小家电都是用的美的这款热水器真心不错出热水快实用大方,0.9998966255633261
34424,100007766168.0,5.0,2019-12-27 13:20:14,送货速度很快安装的也很快立马就能用,0.9429208998218428
34425,100007766168.0,5.0,2020-07-09 13:32:59,热水器很好安装非常好速度很快,0.918504529654089
34426,100007766168.0,5.0,2020-06-14 12:05:09,安装师傅特别麻利不大会就安好了非常满意的一次购物,0.8905496188219689
34427,100007766168.0,5.0,2019-12-25 17:17:03,外形外观高大上恒温效果很好噪音大小还可以出水速度比较快安装服务自己装的耗能情况还不知道,0.9981791996545696
34428,100007766168.0,5.0,2020-01-01 16:41:32,家中新装修自己家选了这款美的热水器安装后感觉不错之后帮哥哥家又买了同款外观简约大方金色很大气液晶触控面板操控非常简易方便开关调温按键即可带有温度记忆功能按需设定一次即可热水出水快水气双变频关闭淋浴重开后水温有轻微下降但很恢复上来估计是埋在地下的水管管路过长热量有所散失总体来说很满意,0.9999999834005513
34429,100007766168.0,5.0,2020-02-23 07:21:40,外观很漂亮噪音很小出水速度也很快服务态度也很好,0.9995859034071664
34432,100007766168.0,5.0,2019-11-27 19:27:45,不错比以前的好用多了出水量变大了洗澡非常好用,0.9425071344991046
34433,100007766168.0,5.0,2020-04-24 14:58:36,外形好看声音安静安装师傅超贴心,0.9893680121965631
34434,100007766168.0,5.0,2020-01-04 12:52:30,安装服务很快上门安装安装师傅很细心赞赞,0.9974583768093589
34435,100007766168.0,5.0,2020-06-12 12:19:46,一直在使用美的的燃气热水器价格便宜质量稳定售后服务周到这次京东618购买非常实惠值得拥有用在出租屋里非常适合,0.9987591056280324
34436,100007766168.0,5.0,2020-03-16 11:56:17,制热快静音恒温外观很好看送货速度快大品牌正品,0.9999335084845257
34437,100007766168.0,5.0,2020-03-26 09:51:59,外形外观时尚好看恒温效果很好噪音大小小听不出来出水速度出水快水流大安装服务师傅安装态度好耗能情况节省用电,0.9946242081710643
34438,100007766168.0,5.0,2020-03-29 20:20:32,到了后预约安装很快今天就洗上热水澡了不错,0.9043359654584203
34439,100007766168.0,5.0,2020-02-04 12:44:17,两室一厅小户型60平米的房子平时家里也就两个人已经很够用了而且热水很快就好了美的不错的,0.949025225139445
34440,100007766168.0,5.0,2020-01-12 13:38:04,名牌热水器外观颜色非常漂亮原来用的就是美的用了好多年质量很不错京东送货很快特意用了几天才来评价效果确实好低水压也能够正常使用温度非常稳定安装服务都满意,0.9999954636052725
34441,100007766168.0,5.0,2020-06-23 05:45:22,给爸妈买的东西很划算京东值得信赖头天买第二天就送到态度超级好一直在京东买东西性价比高服务也很好值得信赖以后有需要还会再买谢谢京东谢谢快递师傅也希望京东多做优惠划算的活动好评,0.9999978955737646
34442,100007766168.0,5.0,2020-03-23 09:07:07,送货很快安装师傅也很认真负责服务非常好因为管道气还没通热水器还没开始用等用了再看怎么样外形外观外观挺好看安装服务非常好,0.9882241836174257
34444,100007766168.0,5.0,2020-04-28 10:04:33,这一款物美价廉安装服务也不错值得推荐,0.9849850477181016
34445,100007766168.0,5.0,2020-05-11 21:41:25,按装好了没有测试里按装师傅太度很好计术好,0.8614599774987061
34446,100007766168.0,5.0,2019-12-13 20:48:22,这个手机性价比很高性能好做活动价格给力值得购买京东物流很快服务好,0.9999558074773803
34449,100007766168.0,5.0,2020-01-01 18:18:05,外形外观简单大方恒温效果效果不错噪音大小声音很小安装服务热情周到,0.9999997349640445
34450,100007766168.0,5.0,2020-06-28 22:16:27,物流快功能好外观漂亮送货及时安装师傅很专业态度很好很满意很满意的购物,0.9999521216305192
34451,100007766168.0,5.0,2019-10-20 13:24:55,恒温效果水温控制的很到位出水速度出热水比较快,0.9781377268263737
34452,100007766168.0,5.0,2020-05-14 14:51:33,很好用保修六年应该很放心负责安装机器的小哥很负责认真自信好评,0.990428510324234
34454,100007766168.0,5.0,2020-05-14 15:26:55,感觉很不错恒温设计是真的帮用起来很舒服,0.99719688327787
34455,100007766168.0,5.0,2020-04-15 11:52:57,挺满意的安装人员服务态度也很好,0.8255386118321877
34456,100007766168.0,5.0,2020-06-09 14:26:19,买电器一直在京东上买东西质量有保证物流速度很快快递员服务到位,0.9541379029012935
34457,100007766168.0,5.0,2020-04-23 13:59:23,安装服务线上产品和线下产品质量一样没有差异价格比超市便宜送货到家非常方便值得购买够用很久了,0.9935754112946059
34459,100007766168.0,5.0,2020-06-04 11:29:28,外形外观很好恒温效果很好噪音大小很好出水速度很好安装服务很好耗能情况很好给送送服务很好等师傅来安装,0.9995224469057179
34460,100007766168.0,5.0,2020-06-17 22:26:06,外观简单大方功能性能都很好出水速度很快很实用满意,0.9999976228307238
34462,100007766168.0,5.0,2020-05-07 07:51:11,恒温效果很好噪音大小比较小安装服务很到位耗能情况省燃气,0.9170950552462908
34463,100007766168.0,5.0,2020-04-11 10:35:39,家里老人原来的是万家乐的燃气热水器已经十年了机器漏水觉得没有维修价值了网上看了看现在机器比原来便宜一半还多真的是发展太快这次换机器选择美的看中了保修六年时间售后无忧送货当天京东的预约安装电话就跟进第二天就安好了不错很满意,0.9801750741904229
34464,100007766168.0,5.0,2020-03-27 19:01:52,外形外观好看大气上档次出水速度快恒温效果刚用一次还没试出来,0.9999520830026377
34465,100007766168.0,5.0,2019-11-25 20:03:23,外形外观看着很高大上以前一直用的美的美的质量还是蛮好老婆说很喜欢,0.9999818714815918
34466,100007766168.0,5.0,2019-12-19 14:12:03,很好很美很小声很嗨皮是我要的东西大爱,0.9885542955968641
34467,100007766168.0,5.0,2019-12-06 06:05:07,非常满意效果非常好外观精美物流迅速点赞,0.9989744992788108
34469,100007766168.0,5.0,2020-03-26 23:34:02,京东速度快配送师傅态度好产品质量很好值得信赖,0.9954208841160928
34470,100007766168.0,5.0,2020-06-10 18:16:27,宝贝收到了款色颜色度很不错性价比高值得拥有,0.9944808467111134
34471,100007766168.0,5.0,2019-12-21 08:48:59,特别好品牌还是非常有质量保证和服务保障双十二活动的非常划算,0.9915974633381279
34473,100007766168.0,5.0,2020-04-12 12:18:56,非常好看安装服务非常快,0.7604616901644543
34474,100007766168.0,5.0,2020-03-23 01:08:14,今天安装好了这还是智能的连手机控制太先进了很喜欢,0.887434678988201
34475,100007766168.0,5.0,2020-06-04 16:15:40,京东物流一如竟往的快烧水速度很快满意的一次购物,0.971072885515734
34476,100007766168.0,5.0,2020-04-05 18:36:17,美的值得信赖的品牌打电话安装师傅立马就上门安装服务很好,0.870479918814882
34477,100007766168.0,5.0,2019-10-06 21:17:58,对这款产品非常满意快递员安装师傅小王服务都服务态度特别好这款热水器美观大方好用和厂家描述一样的下次购买还选美的,0.9790695378417829
34478,100007766168.0,5.0,2020-02-18 17:48:32,安装服务相当快师傅还十分热情态度很好值得信赖,0.99195093878515
34479,100007766168.0,5.0,2019-11-03 16:23:03,外形外观高大上恒温效果好噪音大小稍大在厨房也没什么关系安装服务方便合理,0.9644097797512624
34480,100007766168.0,5.0,2019-12-23 12:48:30,外形外观看起来还是去很大气的质量也不错,0.9988245240969826
34481,100007766168.0,5.0,2020-05-06 04:30:12,安装服务安装师傅装的非常到位安装的非常漂亮还耐心的教用户怎么使用谢谢安装师傅给他们点赞外形外观外观漂亮,0.9971847979515008
34482,100007766168.0,5.0,2019-11-27 18:23:57,物流很棒收到宝贝后根满意不愧是大牌子的产品,0.9984295667890124
34483,100007766168.0,5.0,2020-06-26 23:01:12,产品很不错质量非常好用起来很放心推荐购买哈,0.9956522752933179
34484,100007766168.0,5.0,2019-10-30 19:55:04,电热水器报销了新换的燃气热水器刚好快双十一了价格合适送货超级快安装师傅很给力前天下单昨天到货今天已经安装使用了京东还是给力美的值得信赖,0.9548663694746321
34485,100007766168.0,5.0,2020-02-18 14:55:01,出水速度大快外形外观好看安装服务到位耗能情况不清楚恒温效果棒棒噪音大小很小,0.9999963222772658
34486,100007766168.0,5.0,2020-01-17 19:11:47,东西非常棒用起来很好用物流也很快性价比非常高,0.9965800094137647
34487,100007766168.0,5.0,2020-03-29 11:24:09,质量很好发货也很快值得大家购买很好看颜色比较喜欢非常棒,0.9999202317912327
34488,100007766168.0,5.0,2019-12-15 13:33:44,东西很好质量不错发货速度很快下次还会在购买,0.9981038476292825
34489,100007766168.0,5.0,2020-05-07 21:36:08,产品和图片一样的才安装好安装师傅很很敬业安装也很到位,0.660163005717874
34490,100007766168.0,5.0,2020-06-03 16:51:54,京东服务周到物流快速配送也很周到师傅的态度也很好安装及时师傅服务态度很好很专业很满意,0.9982394882817488
34492,100007766168.0,5.0,2019-12-13 20:58:13,这个性价比很高性能好做活动价格给力值得购买京东物流很快服务好,0.9999821819840178
34493,100007766168.0,5.0,2020-01-06 22:34:29,蛮实惠的老汉用的得心应手性价比十分可以如果有需要我会继续购买送货还算快真心不错,0.9999726559796285
34494,100007766168.0,5.0,2020-01-09 19:24:28,发货速度快烧热水的速度快安装服务非常好,0.8537101975005664
34495,100007766168.0,5.0,2020-02-10 14:26:04,质量很好物流很快安装师傅很专业态度很好,0.9156365669646263
34496,100007766168.0,5.0,2019-10-01 18:21:18,热水器很好便宜好用温度很合适安装很快服务好,0.9811349170251731
34498,100007766168.0,5.0,2019-12-19 18:40:25,买回老家的暂时拍不到图还没安装据说外观看着很不错哈于是又帮家里人买多一个等安装好了再追评,0.8373690304001313
34499,100007766168.0,5.0,2020-06-20 10:10:41,美的大品牌值得信赖京东商城自营商品质量很好谢谢快递小哥,0.9937706529529998
34500,100007766168.0,5.0,2020-06-03 13:36:42,很好很不错蛮漂亮的还没使用等使用再来评价,0.9940512601117708
34501,100007766168.0,5.0,2020-06-08 19:35:56,恒温效果服务好价格优为京东的服务点赞非常满意噪音大小服务好价格优为京东的服务点赞非常满意,0.9999829289727272
34502,100007766168.0,5.0,2019-11-23 16:22:47,宝贝外观不错功能也很强大小面积的足够了,0.9999655825506607
34506,100007766168.0,5.0,2020-01-23 16:48:33,好用很方便热水很快就下来了,0.9164871464347261
34509,100007766168.0,5.0,2019-11-13 09:21:20,外观简单大方颜色也很好看送货安装都很速度出水速度很快,0.9999826647252097
34510,100007766168.0,5.0,2020-06-12 09:51:17,质量非常好与卖家描述的完全一致真的很喜欢完全超出期望值发货速度非常快包装非常仔细严实物流公司服务态度很好运送速度很快很满意的一次购物质量很好希望更多的朋友信赖店主态度特好我会再次光顾的好卖家赞发货迅速态度很好很满意,0.9999999986900352
34511,100007766168.0,5.0,2020-01-18 14:36:17,很不错很满意热水出水很快值得购买,0.9970794657352886
34512,100007766168.0,5.0,2020-07-11 16:51:43,外形外观洋气恒温效果用了几天效果很好噪音大小噪音不大安装服务安装师傅很靠谱,0.9805701967289258
34513,100007766168.0,5.0,2020-05-17 17:02:14,买了一段时间了目前还没啥问题安装挺迅速的物流也很快,0.9002942903546335
34515,100007766168.0,5.0,2020-03-11 17:46:52,噪音大小不错的很好没什么声音出水速度比想象的要大,0.9185621179799042
34516,100007766168.0,5.0,2020-01-17 19:39:23,出水速度商品很优惠出水量大加热快,0.898180692772758
34517,100007766168.0,5.0,2020-01-10 15:30:53,师傅很帅很热情还没使用效果应该不错哦,0.9060409653765916
34518,100007766168.0,5.0,2020-02-25 13:14:43,噪音大小非常安静自己安装的很简单,0.7628769328968307
34520,100007766168.0,5.0,2019-12-03 11:47:40,外形外观很漂亮恒温效果用一下很好噪音大小点大出水速度不是很快安装服务安装服务师傅很好耗能情况还不知道,0.9999163075082791
34521,100007766168.0,5.0,2020-02-21 15:10:44,出热水很快值得信赖的大品牌美的,0.9997253190985725
34522,100007766168.0,5.0,2019-12-27 15:57:48,很不错的安装师傅也很给力完美出水,0.8026327333083473
34525,100007766168.0,5.0,2019-12-14 23:04:31,热水器很好颜色好看很喜欢还没有安装,0.8489399077680306
34526,100007766168.0,5.0,2020-06-14 15:43:57,安装的很快店家服务不错哈哈哈好东西价廉物美,0.9985049035586415
34528,100007766168.0,5.0,2020-06-18 09:24:57,还不错很好安装的人服务不怎么样,0.895562562075037
34531,100007766168.0,5.0,2020-07-01 20:38:12,非常好的产品性价比超高非常满意的一次购物,0.9990391582894708
34533,100007766168.0,5.0,2020-03-15 16:45:56,非常好用温度也是很快就上来了,0.8655813496465815
34534,100007766168.0,5.0,2020-02-26 22:56:51,噪音大小乎没有声音出水速度非常快恒温效果不错,0.854826093667699
34535,100007766168.0,5.0,2020-04-27 21:16:08,安装服务很周到外形外观很美观恒温效果很好,0.9999850724036594
34536,100007766168.0,5.0,2020-04-12 15:12:54,买的三件套性价比非常高美的品牌值得信赖,0.9966724528221699
34537,100007766168.0,5.0,2020-03-31 13:28:24,很好性价比高物流快速小哥给力,0.9596175718802821
34538,100007766168.0,5.0,2020-06-22 12:56:49,安装服务热水器气安的很好服务好,0.7309486636719686
34539,100007766168.0,5.0,2020-02-15 16:27:22,非常好的热水器很快值得购买,0.9378035401835024
34542,100007766168.0,5.0,2020-01-10 01:17:06,外形外观外观漂亮挺不错的安装师傅也不错很满意,0.9999925679396472
34544,100007766168.0,5.0,2020-05-29 12:44:16,安装服务机器很好师傅安装很到位很满意,0.8380786719920078
34547,100007766168.0,5.0,2020-05-20 21:13:51,外形外观很好不错安装服务很好耗能情况二级能效,0.9996394067808052
34548,100007766168.0,5.0,2019-12-21 11:20:57,刚收到还没安装物流速度很快一直信赖京东,0.9864244941239891
34549,100007766168.0,5.0,2019-11-30 19:11:47,美的的东西很好我等装修房子在安装京东的售后好值得信赖,0.9993803747197961
34551,100007766168.0,5.0,2020-07-04 17:17:19,物流很好产品很好服务很好什么都好,0.985421711492685
34553,100007766168.0,5.0,2020-05-13 17:31:10,安装服务安装师傅比较到位非常漂亮感谢师傅恒温效果暂时用后期在评,0.8996009023022886
34554,100007766168.0,5.0,2020-04-03 17:23:44,商品很好性价比很高会推荐给身边的朋友的会继续信赖支持京东的,0.9999015463450136
34557,100007766168.0,5.0,2019-12-25 12:55:34,非常好用精准控温低水压启动,0.7551931477293634
34559,100007766168.0,5.0,2019-09-22 12:13:21,安装服务特别好出水管两条需要另外购买还未使用但是京东购买电器有保障有问题也会第一时间安排的相信京东,0.725927300457858
34560,100007766168.0,5.0,2020-01-03 10:25:10,东西不错性价比高款式也很好,0.9491226250358896
34561,100007766168.0,5.0,2020-05-06 20:17:35,效果好外观漂亮制冷特别快,0.9950024487110353
34562,100007766168.0,5.0,2019-10-25 15:18:49,非常好出水快温度稳定京东值得信赖,0.9951904812452267
34563,100007766168.0,5.0,2019-11-26 20:54:18,双十一优惠购买质量好是正品物流快非常满意,0.9866819542362402
34564,100007766168.0,5.0,2020-04-07 14:19:41,安装非常到位出热水挺快,0.860730927345664
34566,100007766168.0,5.0,2019-10-22 18:10:42,很好很给力京东服务一流质量很好,0.9988552430428298
34568,100007766168.0,5.0,2019-12-18 19:33:45,66非常不错的商品很满意的一次购物,0.8611844688785562
34570,100007766168.0,5.0,2019-10-07 13:26:44,服务师范很热情安装很专业外形外观很漂亮安装服务很专业服务真好,0.9999795892845966
34571,100007766168.0,5.0,2020-04-07 18:45:38,安装服务很好哦外形外观大方哦,0.9997730524835785
34572,100007766168.0,5.0,2020-06-14 17:44:49,服务很周到配送很满意服务很周,0.9927790352147112
34575,100007766168.0,5.0,2020-07-05 13:05:46,安装小伙子非常棒非常负责任,0.6740547921739041
34579,100007766168.0,5.0,2019-11-11 21:29:54,京东家电一如既往的给力昨天下的单今天就到了速度真快送货师傅服务态度很好满意,0.9855838058294284
34581,100007766168.0,5.0,2020-07-11 20:34:02,安装师傅很负责很细心赞,0.9721631450374364
34582,100007766168.0,5.0,2020-06-11 16:53:24,物美价廉服务好快真心不错,0.9859735478399053
34583,100007766168.0,5.0,2020-06-12 14:32:47,物美价廉值得拥有下次在来,0.9868002837413342
34584,100007766168.0,5.0,2019-12-16 16:19:36,京东物流超给力当天下单第二天就到送装一体大品牌棒棒哒东西也好用,0.6804532714344345
34586,100007766168.0,5.0,2020-06-13 10:27:46,安装非常满意安装服务非常满意,0.6376487031696585
34587,100007766168.0,5.0,2020-02-29 13:55:34,美的吕师傅安装服务完美赞,0.9766463803938058
34588,100007766168.0,5.0,2020-01-28 13:45:20,性价比很高热水出水快,0.9479034291170879
34589,100007766168.0,5.0,2020-02-28 15:22:15,师父上门安装仔细非常满意,0.7046273347884452
34590,100007766168.0,5.0,2020-06-05 14:47:52,外观好看师傅安装也很好,0.8559282744691148
34591,100007766168.0,5.0,2019-12-15 15:50:50,美的大品牌质量品质一直值得信赖棒的很,0.9999899042338639
34593,100007766168.0,5.0,2019-11-09 22:21:47,安装服务安装师傅非常好细心很好用不错,0.9576061973510405
34594,100007766168.0,5.0,2020-06-13 19:59:32,安装服务服务特别好赞一个,0.9286124400586907
34595,100007766168.0,5.0,2019-11-18 22:41:01,东西还是不错的非常好静音无声,0.9888013290868779
34596,100007766168.0,5.0,2020-03-18 17:04:47,质量很好发货速度还可以下次还会购买的,0.9435715142770953
34597,100007766168.0,5.0,2019-12-24 13:18:18,服务挺好很好用的,0.9353158331167979
34598,100007766168.0,5.0,2020-02-27 21:26:41,服务很周到送货速度快,0.996166897064003
34599,100007766168.0,5.0,2019-10-09 17:06:00,帮亲戚买的一直觉得美的的产品不错安装师傅也很给力～,0.8482933916699568
34600,100007766168.0,5.0,2020-02-20 01:19:36,服务很贴心送货很到位,0.9980216650498286
34601,100007766168.0,5.0,2020-05-17 14:52:56,很好已经安装了,0.6803968433296584
34602,100007766168.0,5.0,2019-12-15 20:03:26,外形外观非常漂亮恒温效果非常好噪音大小非常小出水速度非常快安装服务非常快耗能情况非常低,0.9996725579534943
34606,100007766168.0,5.0,2020-04-02 13:26:21,送货上门服务很好,0.74822453295252
34607,100007766168.0,5.0,2019-10-18 22:30:12,头天买的第二天就到了速度之快热水器很满意,0.9605844707595507
34609,100007766168.0,5.0,2019-09-19 15:57:57,东西收到了很不错安装师傅也很热心谢谢啦,0.7798954158299537
34611,100007766168.0,5.0,2019-12-13 15:54:33,师傅配送很快态度非常好服务很专业,0.6769035891159166
34613,100007766168.0,5.0,2019-09-19 18:24:55,看上去不错很满意邻居见了都说买的很值,0.9788456442662753
34614,100007766168.0,5.0,2019-11-16 15:31:57,宝贝实在太好了物美价廉下次还会购买的,0.9213473956215169
34619,100007766168.0,5.0,2020-01-01 16:48:58,热水器闪耀外壳不显脏材质用料好LED的触控显示屏特别有质感触摸时手感也很舒服调节时很灵敏操作简单老年人也能上手快字体清晰看得非常清楚底部有出水口燃气口进水口标的很清楚降低了安装的难度节能环保是这款燃气热水器最主要的也是最重要的特点,0.8243789137727774
34620,100007766168.0,5.0,2019-11-03 18:18:48,物流很负责送货很快还没预约安装,0.6806843995396565
34621,100007766168.0,5.0,2020-05-19 18:32:37,速度快很满意安装师傅很专业,0.8717964770799123
34622,100007766168.0,5.0,2019-12-12 12:01:30,恒温效果温度很稳定的真心不错,0.9944666443318939
34624,100007766168.0,5.0,2019-11-02 22:17:34,挺不错的价格也合适安装也很快,0.9954137383812656
34625,100007766168.0,5.0,2020-06-09 10:23:13,外形外观漂亮大气恒温效果好噪音大小小出水速度快安装服务安装及时服务满意师傅特别仔细认真安装热水器耐心给老人讲解使用方法及注意事项耗能情况节能,0.9999387059207229
34627,100007766168.0,5.0,2019-11-19 21:47:02,东西已收到送货上门服务超棒,0.782137469473454
34629,100007766168.0,5.0,2019-11-14 13:22:49,热水器很好配件齐全包装完好,0.9056735894291251
34630,100007766168.0,5.0,2019-10-26 07:05:52,产品不错服务也很周到很满意,0.9987046815491177
34631,100007766168.0,5.0,2019-11-22 10:04:23,东西很好物流也非常快,0.8924024204832036
34634,100007766168.0,5.0,2020-04-19 11:11:02,美的安装师傅服务很专业很好,0.8150881069308477
34636,100007766168.0,5.0,2020-03-01 10:42:38,外形外观外形大气恒温效果很好噪音大小没啥噪音总体来说物美价廉,0.9999606513570206
34637,100007766168.0,5.0,2019-11-30 17:07:56,安装服务服务即时十分满意,0.8893863418995398
34638,100007766168.0,5.0,2019-11-03 16:30:26,安装服务安装挺好的超赞赞,0.9947834544908717
34639,100007766168.0,5.0,2019-11-12 10:44:11,非常快已装备好非常棒,0.9874026383351849
34647,100007766168.0,5.0,2020-03-25 15:05:04,安装服务师傅服务很好很耐心安装的很棒,0.7918192357007818
34648,100007766168.0,5.0,2020-02-27 14:49:02,外形外观美观大方恒温效果非常棒哦噪音大小非常小出水速度非常快而且很温暖不会突然变凉安装服务小哥哥非常好大晚上的还给我们装,0.9999999928878482
34650,100007766168.0,5.0,2020-06-21 18:10:06,外形外观好看恒温效果很好噪音大小小出水速度快安装服务非常好耗能情况小,0.999854005220781
34653,100007766168.0,5.0,2020-05-28 17:14:33,安装速度快服务很好,0.926364774792789
34654,100007766168.0,5.0,2020-07-06 11:11:47,安装满意态度很好,0.7531392935499084
34656,100007766168.0,5.0,2020-03-03 11:55:24,物流很快质量很好服务非常好,0.9713914075296906
34664,100007766168.0,5.0,2020-06-16 06:04:05,外形外观很好看恒温效果比较好噪音大小很小出水速度快耗能情况很小,0.9998552984621616
34666,100007766168.0,5.0,2020-06-02 19:04:55,师傅安装很细心专业很满意,0.9293701387334473
34667,100007766168.0,5.0,2020-04-04 19:56:05,特别棒送货人员认真负责,0.9431406214263949
34671,100007766168.0,5.0,2020-06-23 17:32:55,送货快安装服务好非常满意,0.8678392628687371
34672,100007766168.0,5.0,2019-11-17 11:33:56,安装服务服务专业外形外观很漂亮,0.9986753337422208
34679,100007766168.0,5.0,2020-04-15 15:04:39,安装服务很好周到,0.971800379011766
34680,100007766168.0,5.0,2020-05-20 12:50:06,安装服务安装满意很及时非常好,0.7221538617464317
34683,100007766168.0,5.0,2019-12-15 20:25:50,外形外观非常漂亮恒温效果非常好噪音大小非常小出水速度非常快安装服务特别快耗能情况非常低,0.9997638998791191
34687,100007766168.0,5.0,2020-06-10 12:07:01,安装服务很好满意,0.8119091549240542
34695,100007766168.0,5.0,2020-06-07 09:23:41,安装服务很好非常满意,0.8119091549240542
34696,100007766168.0,5.0,2020-06-12 11:33:59,安装服务好非常满意,0.6994091539170298
34697,100007766168.0,5.0,2020-02-27 09:41:48,安装服务安装很到位服务也很好,0.8601100553859903
34698,100007766168.0,5.0,2020-03-10 10:52:02,外形外观外观还不错看上去挺好看的比以前老款的好看恒温效果温度还行开一会后就稳定了刚开时可能会有点忽冷忽热噪音大小家里人觉得声音比以前的响很多第一次听时的确比以前的响特别刚启动第一下听久了习惯了就好了出水速度出水速度很快水流很大比以前的大很多安装服务还不错只不过有些材料都需要他们的必须买他们的共用了150耗能情况这个不清楚没怎么留意过,0.9994284682740031
34701,100007766168.0,5.0,2019-12-15 18:54:12,外形外观简洁大方屏幕和温度数字很大不错恒温效果还行感觉前半盆水好像温度比设定的差点后面就对了中途断了再启动有点烫不过我喜欢这种刺激噪音大小比以前万和的声音小很多很好出水速度冷水管长要放一盆冷水安装服务及时安装分文未收不错耗能情况刚开始用没有计算从介绍来看应该挺节能的吧,0.9961838966706944
34702,100007766168.0,5.0,2020-04-12 09:14:53,外形外观不错漂亮噪音大小声音不大可以接受比以前旧的那个要小安装服务服务很到位先帮我把旧的拆了再安装的,0.9967989648508
34704,100007766168.0,5.0,2020-02-06 15:03:28,客服耐心细致讲解规格参数有问必答售后物流十分快安装及时服务周到产品外观漂亮功能齐全推荐购买使用好评发货快质量好价格实惠再给爸妈买一台值得购买和推荐,0.9999999801440358
34705,100007766168.0,4.0,2020-02-02 14:32:25,外形外观外观美观大方噪音大小噪音有点大出水速度5s左右出热水安装服务年前预约安装太困难,0.9988857265261394
34706,100007766168.0,5.0,2020-05-23 08:18:41,外形外观简约恒温效果温度恒定噪音大小声音大出水速度正常热水速度偏慢耗能情况二级能耗,0.9987747688502124
34707,100007766168.0,5.0,2020-05-09 15:57:37,安装服务安装小哥准时到达点赞外形外观比较满意玫瑰金的高大尚噪音大小还好热水器准时达到安装师傅也到了马上开始工作专业技术也比较娴熟干活利索大品牌质量有保障价格优惠温度调节方便可以用wifi控制的全家都喜欢,0.759022276515204
34708,100007766168.0,5.0,2020-02-11 10:48:33,特殊时期自己到小区门口拿回安装效果不错比以前的智能水温数显自动调节再也不要把混水阀一丝丝转寻找合适水温了,0.9573706794356471
34709,100007766168.0,5.0,2020-03-27 11:32:59,外形外观挺好看不过看图片以为是全液晶显示屏插上电以后不是的恒温效果温度可以感觉挺准的噪音大小有声音出水速度出水速度还可以这个个人感觉看家里的水压安装服务安装师傅挺负责的就是配件太贵了配件是机器的一倍了四百多耗能情况这个是天然气还不清楚,0.7834675687188567
34710,100007766168.0,5.0,2020-05-03 17:40:51,东西已收到美的燃气热水器老品牌外观设计漂亮做工不错用料厚道玻璃面板耐脏清理方便价格实惠功能强大值得信赖,0.9999997969665787
34711,100007766168.0,5.0,2020-02-18 17:08:54,外形外观好温度显示字体大触控方便,0.9767199797270888
34712,100007766168.0,5.0,2020-01-28 18:05:51,安装服务病毒非常时期安装师傅及时通知因交通管制不能按时前来安装解除管制后才能来安装我表示理解于是自己安装了由于是原位更换比较简单一次成功恒温效果满意出水速度水流较小时也能正常启动水温保持在设定温度很满意噪音大小能够接受外形外观满意喜欢,0.8420093396040317
34713,100007766168.0,4.0,2020-02-21 21:49:53,虽然美的有些产品一般但是这款还是不错的能连接叮咚开机调水温都很方便,0.8399397575548976
34714,100007766168.0,5.0,2019-12-14 14:15:38,恒温效果还不错试了一下恒温可以外形外观外观不算太丑按键不安逸噪音大小声音比较小出水速度出水速度不算慢安装服务安装服务不怎样拆原来的旧热水器还收费耗能情况一般,0.8361764195545736
34715,100007766168.0,5.0,2019-11-12 19:20:28,外形外观大方优雅美观实用恒温效果还没通气应该可以噪音大小基本没有出水速度快安装服务好好好耗能情况一般情况,0.9999889998832343
34717,100007766168.0,5.0,2020-05-19 10:11:51,外形外观时尚靓丽恒温效果水温恒定出水速度比较快安装服务服务好,0.9999928321868917
34718,100007766168.0,5.0,2020-04-19 17:31:13,外形外观键简洁明了家里老人都能操作恒温效果温度稳定噪音大小有噪音吗？哈哈我没感觉的出水速度热水速度快我的管道不多安装服务安装专业给我详细介绍了各种按键的作用耗能情况能耗不高一级能效,0.9826270775520105
34719,100007766168.0,5.0,2020-05-11 16:23:17,昨天下午下单今天上午送达下午就安装好了神速安装师傅服务周到热情出水速度正常恒温效果好,0.989181128998438
34720,100007766168.0,5.0,2020-05-12 13:44:54,外形外观好看简约噪音大小好静差不多完全听不到开机声音,0.9774998390844991
34722,100007766168.0,5.0,2019-12-14 00:03:42,暂时用的还不错我的是什么材料都备好了还是要我出80买他的管哎生活不易呀那么尽责,0.9933699740243019
34723,100007766168.0,4.0,2020-01-07 22:50:42,热水器造型很好热水反应比较快使用方便,0.802926354026338
34725,100007766168.0,5.0,2019-09-18 21:06:19,热水器到位马上就装上了外观漂亮做工精细水开的很小也能保持温度不变还支持手机控制解决了洗澡时想调温度的尴尬,0.9251272304103618
34726,100007766168.0,5.0,2020-06-04 17:06:04,外形外观大方美观恒温效果水温稳定噪音大小在可接受范围出水速度正常安装服务专业耗能情况烟筒,0.9999392568352566
34727,100007766168.0,5.0,2019-12-09 21:06:20,外形外观时尚的外观青色的外观大气时尚美观好看很有现代主义风格恒温效果由于是大品牌保温应该很好我们应该很好但是我还没有安装耗能情况美丽的品牌我是新来的所以上面标的能好的话一定很标准噪音大小噪音在可接受范围吧出水速度出水速度应该和自己的水管水压有关系今天和热水器的关系不大但是应该也有关系对吧,0.9999999998373974
34728,100007766168.0,5.0,2020-01-04 19:03:01,整体外观简洁细腻出水速度符合预期,0.9993921308274818
34730,100007766168.0,5.0,2020-04-22 13:28:51,使用后感觉加热出水效果蛮好的能够满足小家庭的生活用水需求,0.6630740377905155
34731,100007766168.0,5.0,2020-02-29 23:41:43,出水速度还是快安装服务可以恒温效果可以噪音大小小耗能情况小外形外观不错,0.999501947532318
34732,100007766168.0,5.0,2020-01-29 22:02:26,已经到货了疫情影响晚了两天可以理解还没有安装美的品质绝对放心用了再评吧,0.6580587876398842
34733,100007766168.0,5.0,2019-09-24 15:27:55,物流挺快的安装师傅也挺细心的外观看着挺好的还可以链接无线网络挺好的,0.9964585402315648
34734,100007766168.0,5.0,2020-06-11 07:37:59,外形外观浅金色很好看恒温效果比较好温度偏差小噪音大小很小,0.9997887721571426
34736,100007766168.0,5.0,2020-01-17 19:40:26,外形外观看这舒服噪音大小没有噪音出水速度出水速度恒温效果温度合适,0.9987446917575051
34737,100007766168.0,5.0,2020-02-28 21:34:06,恒温效果合适app调节方便外形外观外观大气时尚噪音大小较小,0.9999984970233567
34738,100007766168.0,5.0,2020-04-04 18:53:17,外形外观蛮好看的恒温效果可以噪音大小声音不大出水速度均衡安装服务还好耗能情况节能,0.9993783119757035
34739,100007766168.0,5.0,2019-09-20 22:45:09,外形外观还比较美观和想的差不多用段时间再来说下感受今天才安装好还没怎么使用用过再来评价其他还可以快递安装什么的都还很给力先给好评,0.963935845962584
34740,100007766168.0,5.0,2020-01-23 15:58:07,恒温效果舒适方便快捷噪音大小没有什么噪音出水速度稍等片刻即可外形外观外观比较漂亮安装服务安转快速专业,0.9999962015198183
34741,100007766168.0,5.0,2020-03-10 22:31:09,出水速度比较快厨房洗澡都够用耗能情况还不错燃气比较省钱恒温效果不错家里用着很好,0.9983319625647449
34742,100007766168.0,4.0,2020-01-31 00:59:36,不错出水快自动恒温,0.9432982267703407
34743,100007766168.0,5.0,2020-06-18 00:55:44,外形外观外观漂亮恒温效果温度挺好噪音大小有点大出水速度出水速度有点小安装服务安装费收了200多耗能情况这个没测试过,0.998460885335093
34744,100007766168.0,5.0,2020-02-20 00:01:34,外形外观和介绍的一模一样恒温效果很不错噪音大小稍微大点但这个安装在室外无所谓出水速度快安装服务疫情期间可以理解我自己安装的,0.8179533295784851
34746,100007766168.0,5.0,2019-12-24 19:45:22,外形外观行出水速度还可以安装服务比较快恒温效果比较不错噪音大小挺小的耗能情况不清楚了这个,0.997804116351437
34748,100007766168.0,5.0,2020-05-01 21:24:17,一直在京东买的家电京东就是京东就是不一样放心虽然有点噪音但是还能接受头天夜里下的单第二天就有人联系发货安装了服务没的说必须满分,0.6765057330431985
34749,100007766168.0,5.0,2020-01-20 18:43:04,特地选了这款外机尺寸比较小的尺寸正好合适挺满意的,0.9930897428818559
34751,100007766168.0,5.0,2020-06-22 14:32:10,外形外观时尚简约大小合适安装服务师傅耐心负责施工规范,0.9977029175312145
34753,100007766168.0,5.0,2020-02-21 11:37:53,速度快一天就到了家里都是美的,0.9841453088366621
34756,100007766168.0,5.0,2020-05-18 06:56:58,样子不错都挺好的安装师傅也专业,0.8656589943930659
34757,100007766168.0,5.0,2019-11-16 16:59:17,恒温效果可以不错外形外观一分钱一分货耗能情况可以接受出水速度还行安装服务不错噪音大小能接受,0.9995675873023525
34758,100007766168.0,5.0,2019-12-29 09:29:29,京东的东西就是好价格低质量好,0.7111157238949396
34759,100007766168.0,5.0,2020-05-23 20:23:38,外形外观外观可以该有的功能都有主要价格便宜,0.9996890617720241
34761,100007766168.0,5.0,2020-01-03 14:26:31,简洁安装服务快速按标准收费,0.76921739121567
34763,100007766168.0,5.0,2020-05-16 11:42:29,外形外观高档美观噪音大小不大安装服务服务好,0.9887588891812258
34764,100007766168.0,5.0,2020-01-03 21:25:56,相信大品牌的实力享受高科带来的安全与可靠便捷与舒适,0.9999367922890481
34765,100007766168.0,5.0,2020-06-15 15:20:08,外形外观得体恒温效果不错噪音大小可接受安装服务价格合理,0.999906886056303
34766,100007766168.0,5.0,2020-06-24 21:22:58,蛮好用的相信京东相信美的,0.9333843580795719
34767,100007766168.0,5.0,2020-02-03 22:50:22,还不错特价买还没装装好再来评价,0.8901548431248894
34768,100007766168.0,5.0,2019-12-16 09:25:51,外形漂亮美观恒温效果好噪音低出水速度快,0.9994464282535044
34769,100007766168.0,5.0,2020-06-10 14:01:21,噪音大小噪音比之前的热水器小多了恒温效果用了两天恒温效果还不错,0.7681800135663696
34770,100007766168.0,5.0,2019-12-30 19:23:06,出水速度快噪音小恒温效果也不赖赞,0.9958663527070235
34772,100007766168.0,5.0,2020-03-20 17:43:32,外形外观美观噪音大小非常小出水速度方便安装服务有点墨迹,0.9947217603315317
34773,100007766168.0,5.0,2020-06-11 15:35:27,送货快质量不错已安装用着挺好信赖美的品牌,0.9999156810731514
34774,100007766168.0,5.0,2020-04-22 11:51:21,美的热水器还可以使用中,0.8145780238283776
34775,100007766168.0,5.0,2019-11-18 12:05:46,外形外观外形挺好看的这个是金色的但是其实应该多搞几个颜色可选这样才更好吧恒温效果开玩笑我就不知道了因为还没装安装服务安装服务这个是美丽的安装的但是我还没开始装也不知道怎么样面对家庭呢,0.9988643703854448
34776,100007766168.0,5.0,2020-04-08 15:32:24,不错经济实惠还带网络W,0.9128512668627492
34778,100007766168.0,5.0,2020-06-18 10:17:25,安装服务的服务比以前好多了出水速度洗澡热水足够用了,0.6517382467236554
34779,100007766168.0,5.0,2020-01-07 15:30:01,外形外观下单第二天就送过来了还没安装东西不错先来个评价等安装了再来追评送货上门有需要还选这个,0.7882302352330908
34780,100007766168.0,5.0,2020-01-18 20:43:04,外形外观简洁美观恒温效果一般噪音大小一般出水速度较快,0.9999433223556363
34781,100007766168.0,5.0,2019-11-24 16:25:06,效果不错洗澡终于不用发愁了,0.9621743543145626
34782,100007766168.0,5.0,2019-10-20 23:58:35,今天安装了热水器还是挺安静的各方面还是挺不错安装服务师傅上门安装很快服务好收费明确后续有什么再追加评价,0.7994972342901245
34784,100007766168.0,5.0,2020-01-10 12:03:55,外形外观颜值高噪音大小qq出水速度很快耗能情况不耗电,0.975424660976344
34785,100007766168.0,5.0,2020-06-09 13:27:30,外观精美恒温保暖出水快,0.9963328241211568
34787,100007766168.0,5.0,2019-12-16 12:53:28,外形外观美观安装服务服务给力出水速度棒棒的,0.999951574573419
34789,100007766168.0,5.0,2020-07-05 14:43:26,美的燃气热水器经济实惠送货到家安装仔细好评,0.9311681363373777
34791,100007766168.0,5.0,2020-04-02 22:50:51,还没安装呢对美的性价比比较好服务hellip,0.9212454495456991
34792,100007766168.0,5.0,2020-04-14 22:55:44,房子刚刚装修好还没有使用不过美的产品应该让人放心的,0.9895663821551078
34793,100007766168.0,5.0,2020-06-06 17:22:50,师傅服务态度好安装完美帅气利索赞,0.921251774286659
34794,100007766168.0,5.0,2020-01-03 15:27:23,参加活动的价格无敌买来给出租屋使用的,0.9211891403339865
34796,100007766168.0,4.0,2020-06-01 07:54:18,到货速度快确实如商品描述那样安装师傅服务态度很好,0.7120829174480461
34797,100007766168.0,4.0,2019-09-30 16:16:47,热水器看上去还不错功能不多确实用价格合适还送了一个博朗电动牙刷,0.8480683464473239
34798,100007766168.0,5.0,2020-05-20 08:08:47,外形外观外观简约大方好看智能,0.9999916078427374
34799,100007766168.0,5.0,2020-06-07 16:03:43,外形外观外观好看恒温效果好出水速度快,0.9999764203619353
34800,100007766168.0,4.0,2019-10-13 18:55:58,恒温效果温度升的挺快噪音大小噪音不小外形外观外观挺好看的,0.9999521536810905
34801,100007766168.0,5.0,2020-05-22 11:16:41,外形外观外观挺好看的还没有安装呢过几天再装应该不错,0.9998880491703188
34802,100007766168.0,5.0,2019-12-17 17:44:00,京东物流快美的售后安装服务也周到,0.9880758527178144
34803,100007766168.0,5.0,2020-04-16 12:59:44,满意外形外观简单实用恒温效果好,0.9997576676402007
34804,100007766168.0,5.0,2020-06-02 21:45:51,快递小哥配货快服务好点赞（ograveforalloacute）,0.6838825681861911
34805,100007766168.0,5.0,2019-12-24 14:32:39,外形外观美观大方恒温效果舒适出水速度快,0.9999957855017941
34806,100007766168.0,5.0,2019-11-19 14:36:28,安装服务安装舒服快服务好,0.7403844835650998
34809,100007766168.0,5.0,2019-11-24 19:16:43,用了感觉可以声音小美观实用,0.6193916033814476
34810,100007766168.0,5.0,2020-04-30 01:43:42,外形外观东西十分漂亮京东售后服务也好下次继续光顾,0.998699388203663
34812,100007766168.0,5.0,2020-03-13 09:37:02,美的品牌不错暂时也没啥问题,0.9664788605065618
34814,100007766168.0,5.0,2020-06-06 14:15:22,安装师傅服务到位美的售后服务到位,0.7983820550866466
34815,100007766168.0,5.0,2019-11-28 07:11:16,热水器外观漂亮噪音小洗澡出水恒温,0.882772465082437
34816,100007766168.0,5.0,2020-06-17 09:27:20,外型美观配件齐全水量够用,0.9992475927066585
34817,100007766168.0,5.0,2019-10-29 15:24:18,一直相信京东自营品质不担心速度特别地快不管大件小件都是在京东买支持京东自营,0.6547453081151682
34818,100007766168.0,5.0,2020-02-25 10:33:11,服务好产品出水快且大满意,0.7865026002121921
34820,100007766168.0,5.0,2020-06-02 20:41:21,外形外观好看恒温效果效果好噪音大小噪音小出水速度速度快安装服务服务好耗能情况低耗能,0.9997524864784307
34822,100007766168.0,5.0,2020-07-04 14:47:45,恒温效果比较好也方便调温,0.8450971694350123
34824,100007766168.0,5.0,2020-04-22 19:58:59,外形外观大方美观恒温效果稳定持久噪音大小还可以出水速度较迅速,0.999989615718285
34825,100007766168.0,5.0,2020-07-08 17:54:37,安装师傅跟专业东西也不错赞一个,0.8837109911488591
34826,100007766168.0,5.0,2020-03-30 15:55:05,还不错暂时没有什么问题,0.8526991034786954
34827,100007766168.0,5.0,2019-12-15 16:17:53,美的大品牌不管买什么都首选美的什么都不说了就是这么信赖,0.999968099911872
34831,100007766168.0,5.0,2020-04-22 23:43:52,价格比较低颜色比较好看,0.6240845580846185
34833,100007766168.0,5.0,2020-03-03 19:59:10,包装好物流快品质不错值得购买,0.9965815025233276
34834,100007766168.0,5.0,2020-01-07 08:59:43,便宜好用美的的小电器还是可以的,0.9849661878643294
34835,100007766168.0,5.0,2020-04-01 11:19:27,外形外观外观不错大气值得买,0.9999887279101882
34837,100007766168.0,5.0,2020-01-09 16:12:54,信赖京东售后服务不错处理及时,0.9939760462323434
34839,100007766168.0,5.0,2020-03-21 09:14:02,恒温效果效果好水温稳定挺好,0.9919353241010003
34841,100007766168.0,5.0,2019-11-08 23:07:31,安装服务好噪音大小大出水速度好外形外观好恒温效果嗯,0.9961438850681423
34842,100007766168.0,5.0,2020-04-14 21:41:38,外观不错经济实惠给个好评,0.9911954859364501
34843,100007766168.0,5.0,2020-02-01 21:45:23,外形外观好恒温效果好噪音大小满意出水速度快安装服务好耗能情况正在使用中,0.9988349546550097
34845,100007766168.0,5.0,2020-05-18 05:28:25,商品性价比不错值得推荐,0.9765980712290824
34846,100007766168.0,5.0,2020-03-23 12:22:14,外形外观漂亮恒温效果还不错噪音大小挺小的能接受出水速度快而且温度比较合,0.9999451589054614
34847,100007766168.0,5.0,2020-01-14 14:00:01,用了很多牌子还是美的好用,0.9361849810538614
34848,100007766168.0,5.0,2019-12-15 21:04:42,外形外观好看安装服务收到当天安装好快耗能情况低,0.8659985934214439
34849,100007766168.0,5.0,2020-05-25 10:18:10,物流及时安装服务到位,0.6524715559450246
34850,100007766168.0,5.0,2020-06-02 16:37:52,师傅服务一流服务满意,0.941524344202603
34854,100007766168.0,5.0,2020-05-26 19:35:40,服务好安装服务术好负责,0.6021536860596337
34855,100007766168.0,5.0,2020-03-28 17:14:32,安装快技术高服务好,0.762832966273818
34858,100007766168.0,5.0,2020-01-30 11:24:53,用着不错下次还来你家,0.899664085789173
34859,100007766168.0,5.0,2019-12-20 09:13:49,是正品送货快服务优,0.9932437946963996
34860,100007766168.0,5.0,2019-10-22 16:15:15,外形外观可以的安装服务可以的恒温效果可以的,0.9959631653329322
34861,100007766168.0,5.0,2019-10-06 17:20:59,安装服务好又快又便宜出水速度好外形外观好,0.9993746035020042
34862,100007766168.0,5.0,2020-05-11 21:44:46,恒温效果还不错一家人用随时有热水供应,0.9701489417492616
34863,100007766168.0,5.0,2020-01-25 19:07:03,外形外观大方恒温效果稳定噪音大小还可以出水速度根据水压可以,0.9999916897909736
34865,100007766168.0,5.0,2019-10-11 05:33:32,售前服务挺好用了挺好美的京东没毛病,0.9791990072046582
34867,100007766168.0,5.0,2020-05-04 21:11:41,物流快服务好产品质量好,0.8687923457819868
34868,100007766168.0,5.0,2019-12-15 16:07:31,外形外观外观时尚好看恒温效果恒温效果不错安装服务第二天就装好了速度不错,0.999999958183891
34869,100007766168.0,5.0,2019-12-15 17:43:22,出水速度3-5秒安装服务服务挺好,0.8106727435528399
34874,100007766168.0,5.0,2020-03-28 16:34:08,安装服务态度好速度快,0.8184874168180822
34878,100007766168.0,5.0,2020-01-12 17:40:21,外形外观好看恒温效果好噪音大小小出水速度快安装服务好耗能情况刚装不清楚,0.9988258741980007
34879,100007766168.0,5.0,2020-01-19 20:58:21,外形外观外观大气漂亮恒温效果恒温效果不错不会忽冷忽热的温控精准噪音大小噪音有点不理想可以接受出水速度开水2秒多才开始烧热水使用中关掉水龙头在开中间有2秒多凉水helliphellip房间小12升也够用现在室外零度左右安装在厨房开40度厨房水温刚好卫生间水温就有点低helliphellip安装服务安装师傅很细心材料我自己买的彼此协商解决问题很满意耗能情况耗电可以忽略不计天然气也便宜肯定比电热水器划算的多,0.7636335991923489
34881,100007766168.0,5.0,2020-04-19 14:52:20,外形外观大气恒温效果好噪音大小小出水速度快安装服务满意耗能情况不清楚,0.9981347525051968
34885,100007766168.0,5.0,2020-06-02 18:19:05,安装服务安装速度快服务一流专业点个赞,0.9989579630257482
34887,100007766168.0,5.0,2020-03-03 13:00:29,出水速度快恒温效果稳定噪音大小小外形外观美观耗能情况正常安装服务快服务态度好,0.9990071773820468
34888,100007766168.0,5.0,2020-06-07 21:48:49,外形外观漂亮恒温效果好噪音大小小出水速度快安装服务好耗能情况满意,0.9999651213725529
34889,100007766168.0,5.0,2019-12-24 15:54:18,之前买的林内算我倒霉一开始就有问题一直修不好换个风扇要350换两次可以买个美的了这个美的还不错性价比高坏了就直接换,0.7899597920322333
34893,100007766168.0,5.0,2020-05-28 21:19:26,还没有用看起来很好看大品牌应该不错,0.9892590126102528
34895,100007766168.0,5.0,2020-02-11 16:49:32,很好热水很快,0.9164871464347261
34897,100007766168.0,5.0,2020-04-22 14:36:14,非常好不知道美的质量能用几年,0.8428607293150298
34899,100007766168.0,5.0,2020-05-27 14:39:17,宝贝收到了非常满意物超所值物流很快,0.9991765891347391
34900,100007766168.0,5.0,2020-05-25 15:25:09,送货很及时服务非常好满意,0.8989126063919329
34902,100007766168.0,5.0,2019-12-21 16:55:59,还没使用正在装修美的大品牌,0.889285119760761
34903,100007766168.0,5.0,2019-12-18 16:48:39,产品质量好性价比高值得购买哦,0.9853598925881888
34904,100007766168.0,5.0,2020-01-06 17:50:13,好送货及时安装满意,0.7541605892833811
34905,100007766168.0,5.0,2020-05-23 11:46:44,安装服务周到,0.9154428761980209
34908,100007766168.0,5.0,2020-02-23 09:00:40,安装服务到位恒温效果不错,0.984679292553387
34909,100007766168.0,5.0,2020-04-15 19:24:18,才装上没有用看起不错,0.6769644082466563
34912,100007766168.0,5.0,2020-06-03 13:46:35,安装的特别好,0.6141439847282936
34918,100007766168.0,5.0,2020-06-24 16:46:28,物流给力价格实惠安装师傅服务好京东购买省心放心售后无忧,0.8597006658049656
34919,100007766168.0,5.0,2020-04-20 06:29:36,宝贝收到感觉不错美的是个大品牌的物流挺快的京东服务也挺好的,0.9997938524343053
34920,100007766168.0,5.0,2020-04-23 17:47:46,效果好物流很快售后服务也不错老用户了下次还介绍朋友来购买,0.9929196570968957
34921,100007766168.0,5.0,2020-05-20 22:09:49,服务态度好京东产品值得信赖有机会再次购买京东家电,0.9978518454634678
34922,100007766168.0,5.0,2020-06-10 09:55:07,东西到了配送员速度超快态度也好京东家电值得信赖,0.9997199677310048
34936,100007766168.0,5.0,2020-01-10 09:34:19,宝贝不错性价比很高大品牌值得信赖以后会推荐给朋友购买的,0.9999989593228339
34937,100007766168.0,5.0,2020-01-08 08:26:43,宝贝不错性价比很高大品牌值得信赖以后会推荐给朋友购买的,0.9999989593228339
34938,100007766168.0,5.0,2019-12-30 17:29:42,宝贝不错性价比很高大品牌值得信赖以后会推荐给朋友购买的,0.9999989593228339
34939,100007766168.0,5.0,2019-12-05 08:59:20,产品质量好性价比高值得购买,0.9853598925881888
34942,100007766168.0,5.0,2019-12-24 08:48:45,非常满意一直都喜欢在京东购物以后还会一如既往的支持京东,0.9960196073045109
34943,100007766168.0,5.0,2019-11-20 15:27:16,安装服务到位,0.6476338989552982
34944,100007766168.0,5.0,2020-02-29 17:50:57,京东自营东西就是放心物流非常快售后保障好非常满意,0.9289524030559358
34946,100007766168.0,5.0,2020-03-28 12:02:15,大品牌值得信赖京东物流一直都是我信任并支持的,0.9950010432711588
34950,100007766168.0,5.0,2020-04-23 22:05:05,外形外观漂亮恒温效果满意噪音大小小很满意,0.9999854165419175
34952,100007766168.0,5.0,2020-06-20 22:12:10,产品很不错用起来很放心蛮不错非常满意,0.9993465501509504
34954,100007766168.0,5.0,2019-12-22 16:32:56,价廉物美送货到家非常满意京东加油五星好评,0.9960211598073175
34955,100007766168.0,5.0,2020-01-17 19:02:26,晚上抢购的非常满意性价比超级高下次还来,0.9546689647752659
34956,100007766168.0,5.0,2020-02-22 23:04:52,还可以喜欢美的智能手机可以控制又便宜,0.971898135324854
34957,100007766168.0,5.0,2020-06-11 13:21:39,京东就是快很好很满意大品牌很放心,0.9976171371246096
34959,100007766168.0,5.0,2020-04-13 09:23:35,物流很快快递员服务很好产品还没使用,0.7591555546406878
34960,100007766168.0,5.0,2020-02-04 20:48:31,自己动手安装的用了下效果还不错挺好的,0.9790095494322678
34962,100007766168.0,5.0,2020-07-09 17:31:13,师傅服务态度非常好满意速度很快,0.8279934810863744
34963,100007766168.0,5.0,2020-02-19 15:03:28,外形外观好看恒温效果可以噪音大小小,0.9995427546623695
34965,100007766168.0,5.0,2020-06-06 20:21:31,物流很快收到东西包装也完好无损,0.7358220737855029
34966,100007766168.0,5.0,2020-06-03 11:49:15,恒温效果好出水速度快安装服务快,0.9804946243278364
34967,100007766168.0,5.0,2020-05-30 15:22:28,目前感觉还不错就是WIFI需要单独下载APP,0.9113348267102266
34968,100007766168.0,5.0,2020-01-08 13:12:40,恒温的热水器非常好用以后都推荐这款,0.6990905446368039
34969,100007766168.0,5.0,2020-04-12 16:56:40,物流很快价格很优满意京东的服务,0.9971645666570773
34970,100007766168.0,5.0,2020-01-09 16:12:16,信赖京东客服不错快递师傅态度不错,0.9068959083237583
34971,100007766168.0,5.0,2020-05-09 06:53:58,京东家电就是好价廉物美还实用,0.9774378506227025
34972,100007766168.0,5.0,2020-05-07 15:01:07,给亲戚购买的亲戚说用着还不错,0.8450952471949873
34973,100007766168.0,5.0,2020-02-20 20:22:32,发货快已经买过几台美的热水器了,0.8957988990340641
34986,100007766168.0,5.0,2020-06-23 08:52:35,东西不错送货速度块点个赞,0.9948796431696771
34987,100007766168.0,5.0,2020-06-12 22:17:43,价格实惠物流快捷购物愉快,0.9418765024548863
34988,100007766168.0,5.0,2020-01-18 10:24:10,用着不错外形服务出水效果不错,0.9952044853389619
34990,100007766168.0,5.0,2020-02-27 00:24:48,产品收到物流很快外观很漂亮,0.9979357800936142
34991,100007766168.0,5.0,2020-04-24 17:05:19,外观挺好看的暂时还没有用,0.9785262982672726
34993,100007766168.0,5.0,2020-01-31 08:53:05,不错用起来还可以性价比很高,0.9960790982532006
34994,100007766168.0,5.0,2020-06-21 21:55:26,外形外观好恒温效果恒温,0.9980426574315826
34995,100007766168.0,5.0,2020-01-23 23:39:42,京东送货好快我一直信赖京东,0.9891500499348062
34998,100007766168.0,5.0,2019-12-25 00:36:42,这是一次非常完美的购物体验,0.9464002624040941
34999,100007766168.0,5.0,2020-02-22 21:55:59,物流很快送货小哥服务很好,0.9610814812946747
35002,100007766168.0,5.0,2020-04-12 16:05:54,抢购的品质保证非常好用,0.9762569545536443
35003,100007766168.0,5.0,2020-01-18 14:10:00,外形外观很好恒温效果很好,0.9986409568408192
35005,100007766168.0,5.0,2020-01-08 21:44:21,东西物廉价美京东配送超快,0.8254122784765322
35010,100007766168.0,5.0,2020-06-01 09:55:01,东东还不错送货也很快,0.9784132517875638
35012,100007766168.0,5.0,2020-05-23 11:21:04,安装服务非常满意不错,0.8833947683056408
35014,100007766168.0,5.0,2020-05-17 08:06:31,非常不错的热水器满意,0.7797936546071809
35017,100007766168.0,5.0,2020-04-12 12:45:40,安装满意安装服务满意,0.6376487031696585
35019,100007766168.0,5.0,2020-01-17 19:13:08,东西不错光看外观都很好,0.9908131681307358
35020,100007766168.0,5.0,2020-01-11 21:40:37,挺好看的用着也不错满意,0.9868652979713455
35022,100007766168.0,5.0,2020-06-06 16:04:02,目前用起来感觉不错,0.8714921964719127
35024,100007766168.0,5.0,2020-05-20 16:26:25,很棒的产品外形漂亮,0.9976682306184254
35032,100007766168.0,5.0,2020-07-01 17:32:26,安装规范服务满意,0.7150667076066721
35033,100007766168.0,5.0,2020-04-01 16:20:39,东西不错够十个字了,0.9199806859859331
35043,100007766168.0,5.0,2020-06-03 17:42:48,好很好非常好满意,0.9573246098124466
35045,100007766168.0,5.0,2020-03-08 21:32:08,大品牌值得信赖好评,0.9927961611598011
35046,100007766168.0,5.0,2020-05-31 12:35:40,送货及时安装到位,0.7078770800879971
35048,100007766168.0,5.0,2020-05-18 22:44:47,很漂亮师傅很热情,0.9330135088286081
35050,100007766168.0,5.0,2020-05-12 13:56:14,安装师傅服务一流,0.8270309933985296
35057,100007766168.0,5.0,2020-04-28 23:08:15,外形外观简约时尚,0.9990432325889721
35058,100007766168.0,5.0,2020-04-22 11:00:51,价格合适东西好用,0.8714224540613175
35060,100007766168.0,5.0,2020-04-13 14:09:17,送货及时安装满意,0.6413073825537947
35071,100007766168.0,5.0,2020-06-09 08:54:27,发货安装很到位,0.7723170799829127
35073,100007766168.0,5.0,2020-06-01 01:46:01,挺好的价格便宜,0.9097153358571322
35076,100007766168.0,5.0,2020-02-18 20:20:04,安装服务好很仔细,0.7229854369217075
35077,100007766168.0,5.0,2020-05-11 20:34:24,恒温效果非常好,0.9226558387352005
35080,100007766168.0,5.0,2020-05-05 12:36:41,安装好十分满意,0.7120748492259157
35083,100007766168.0,5.0,2020-05-02 09:26:47,挺好的推荐购买,0.9260788975373365
35086,100007766168.0,5.0,2020-04-18 11:22:54,已使用效果不错,0.8919807693331677
35087,100007766168.0,5.0,2020-04-12 16:13:12,很好自动变升的,0.671135784186957
35090,100007766168.0,5.0,2020-01-10 20:55:02,质量不错性价比高,0.9901715582551915
35091,100007766168.0,5.0,2019-11-02 17:19:04,真的超级喜欢非常支持质量非常的好与买家说的一致非常满意真的很喜欢完全超出期望值发货速度很快包装非常仔细严实物流公司态度非常的好很满意的一次购物,0.9980904067473563
35093,100007766168.0,5.0,2020-06-29 11:24:42,服务及时满意,0.692513133281179
35096,100007766168.0,5.0,2019-12-19 14:34:27,外观漂亮值得购买,0.9969063059320388
35097,100007766168.0,5.0,2020-03-07 15:38:02,出热水快还不错,0.8850935661108214
35104,100007766168.0,5.0,2020-05-10 12:52:40,安装快服务好,0.7106780533590173
35106,100007766168.0,5.0,2020-01-31 17:42:20,毛哥安装很到位,0.7654152196959474
35107,100007766168.0,5.0,2020-04-25 08:46:04,出水速度满意,0.7747695816515934
35108,100007766168.0,5.0,2020-04-17 19:28:22,安装好产品好,0.6707848290861773
35115,100007766168.0,5.0,2020-01-05 23:33:05,目前为止还不错,0.8760443294330722
35120,100007766168.0,5.0,2020-03-22 14:47:58,美的值得信赖,0.9977692151771742
35131,100007766168.0,5.0,2020-02-13 14:10:58,刚装上挺好的,0.6662665863552906
35133,100007766168.0,5.0,2019-12-16 08:23:19,宝贝不错性价比很高大品牌值得信赖以后会推荐给朋友购买的,0.9999989593228339
35134,100007766168.0,5.0,2020-02-03 20:39:00,不错已安装了,0.7649829249572039
35141,100007766168.0,5.0,2019-12-01 12:03:10,京东质量值得信赖非常满意的一次购物下次购物还是上京东,0.9987629885365612
35143,100007766168.0,5.0,2019-11-28 12:50:41,京东物品值得信赖非常满意的一次购物下次购物还是上京东,0.997172693246498
35144,100007766168.0,5.0,2020-03-31 19:20:43,还算满意吧,0.781165172867383
35169,100007766168.0,5.0,2020-01-02 10:21:05,看起来不错,0.8883605870964454
35174,100007766168.0,5.0,2019-11-18 13:38:37,京东物流就是快大品牌值得信赖送货小哥服务态度好,0.9959304012003743
35198,100007766168.0,5.0,2019-12-13 10:38:39,外形外观外形好看恒温效果恒温效果也不错,0.999996300042715
35207,100007766168.0,5.0,2019-12-13 15:51:32,大品牌东西不错买东西一直信赖京东,0.9976766202980399
35208,100007766168.0,5.0,2019-11-01 19:06:32,还不错物流师傅很给力送货及时,0.719738691229611
35209,100007766168.0,5.0,2019-12-03 17:34:49,产品做的不错大品牌值得信赖,0.9993592910105265
35210,100007766168.0,5.0,2019-11-19 14:48:15,恒温效果恒温热水器效果快,0.9632594515927598
35218,100007766168.0,5.0,2019-12-16 21:01:39,京东帮服务好速度快,0.9102288314406397
35220,100007766168.0,5.0,2019-11-11 21:13:14,外形外观很好看美观,0.9975806376430693
35223,100007766168.0,5.0,2019-12-13 14:58:20,安装服务安装即时,0.7048139885783453
35226,100007766168.0,5.0,2019-11-13 15:16:18,不错物流速度很快,0.9866420043954884
35228,100007766168.0,5.0,2019-10-20 01:18:02,很好安装也很方便,0.7979569142432862
35230,100007766168.0,5.0,2019-09-25 20:38:05,非常不错大气漂亮,0.9982525281342416
35231,100007766168.0,5.0,2019-11-26 18:00:09,挺好的噪音不大,0.6809060486386264
35232,100007766168.0,5.0,2019-10-02 13:54:59,接收到非常满意,0.6104989754538342
35238,100007766168.0,5.0,2019-11-15 13:49:45,很好到货很快,0.9457103827992546
35239,100007766168.0,5.0,2019-11-08 15:13:30,安装快服务好,0.7106780533590173
35240,100007766168.0,5.0,2019-11-04 18:58:40,恒温效果很好,0.9567675338354457
35241,100007766168.0,5.0,2019-10-23 13:18:20,恒温效果一般,0.8742540569884847
35243,100007766168.0,5.0,2019-09-15 20:49:54,本次服务满意,0.622277866759242
35245,100007766168.0,5.0,2019-11-13 15:39:44,质量非常好,0.6303870709193692
35255,100007766168.0,5.0,2020-02-13 09:16:39,噪音大小噪音大外形外观颜色好看时尚安装服务第一个机子是坏的换的第二个用一段时间再看反正不值这个价钱不推荐,0.982500429389309
35273,100007766168.0,5.0,2019-12-18 20:53:12,很好安装了用了10几年的林内把它换了因为出租房买个便宜点的外观很好看12升足够了安装是免费的但有材料费老的热水器抵了元钱美的大牌子应该不错虽然不是热水器专业品牌但就洗个澡出水恒温就可以了,0.9890118379903018
35275,100007766168.0,5.0,2019-10-15 20:38:35,外形外观金色的外观非常大气上档次恒温效果还没试用相信美的老牌子值得信赖噪音大小还没试用安装服务安装的特别快预约很方便师傅的态度也很好额外材料收费也说得很清楚挺细心的耗能情况等使用了以后会追评,0.9999998695859375
35276,100007766168.0,5.0,2019-11-04 19:54:10,外形外观做工精美漂亮的颜色很喜欢LED大显示屏操作简单老年人也很容易操作噪音大小噪音很小出水速度很快另外提交了安装申请师傅也提前在安装的过程中师傅也认真负责任有一根出水管老化了也给我进行了更换家里的电器大部分都是美的品牌的服务售后都非常专业周到,0.9998250914399907
35277,100007766168.0,5.0,2020-01-07 14:47:27,外形外观外观漂亮颜色也很好看恒温效果还可以噪音大小可接受出水速度12升放在小公寓里使用完全够了安装服务师傅安装效率很高提前联系一会就装好了只收了一个管道的费用元还是挺划算的耗能情况刚装好就试了下后续再观察耗能情况凌晨半价秒杀抢到的名额很划算第一次使用美的的热水器感觉还可以,0.9989594004880737
35278,100007766168.0,5.0,2020-03-12 22:09:12,外形外观外形简洁美观还能wifi控制噪音大小平常没什么声音加热的时候也不大就是打安了以后细听老有似水似气的声音不知道什么原因出水速度出水热的挺快的速度也不错一厨一卫的小家用着合适安装服务疫情期间人手不足报装第二天才能来装不过来人很专业耐心给老人讲收费和用法,0.9995884131974448
35281,100007766168.0,5.0,2020-05-17 12:08:54,总体挺满意的安装师傅很好安装快热水器外观设计简单大方得体挺好的安装配件价格合理现在还有超划算美的真是越来越好啦后期在等燃气通了试用后追评,0.9999987832087138
35284,100007766168.0,5.0,2020-03-23 21:51:06,323号活动买的非常的划算大品牌这个价格能买到非常的值了参加了3件88折买下来非常满意目前还没安装,0.9306516934200252
35285,100007766168.0,5.0,2019-12-05 07:50:18,外形外观金色的外观大气出水速度速度很快大概十几二十秒就有热水安装服务安装的很快服务还好就是安装收费贵一个控制进水的阀门就要块远高于市场价噪音大小还好声音不是很大总体来说产品还可以售后有待提高,0.9999816662652521
35291,100007766168.0,5.0,2020-06-07 12:32:19,1终于收到我需要的宝贝了东西很好价美物廉谢谢掌柜的说实在这是我购物来让我最满意的一次购物无论是掌柜的态度还是对物品我都非常满意的掌柜态度很专业热情有问必答回复也很快我问了不少问题他都不觉得烦都会认真回答我这点我向掌柜表示由衷的敬意这样的好掌柜可不多再说宝贝正是我需要的收到的时候包装完整打开后让我惊喜的是宝贝比我想象中的还要好不得不得竖起大拇指下次需要的时候我还会再来的到时候麻烦掌柜给个优惠哦2质量非常好与卖家描述的完全一致非常满意真的很喜欢完全超出期望值发货速度非常快包装非常仔细严实物流公司服务态度很好运送速度很快很满意的一次购物3质量很好希望更多的朋友信赖店主态度特好我会再次光顾的可不可以再便宜点我带朋友来你家买,0.9999999998874476
35292,100007766168.0,5.0,2020-01-11 00:21:45,外形外观高端大气噪音大小安静没什么噪音,0.9992446921114024
35293,100007766168.0,5.0,2019-11-16 14:58:02,恒温效果不错安装服务有点小贵材料费块噪音大小还行性价比高出水速度不错,0.9965902074685843
35294,100007766168.0,4.0,2019-12-03 20:26:13,外形外观不错恒温效果用过再说噪音大小小出水速度可调安装服务没用配置的拐弯烟筒另买了一节元可弯烟筒两个阀门加塑管弯头元按商家美的说法没超过元安装配件费算正常耗能情况用过再说,0.9837181303770938
35296,100007766168.0,5.0,2020-05-16 17:15:24,送货快安装好,0.7640692989738279
35370,100007766168.0,3.0,2020-04-25 11:37:08,外形外观热水器外观都大同小异这个没啥好说的萝卜白菜各有所爱吧恒温效果这个还可以不过以前用的樱花的机械式的感觉也不会一冷一热噪音大小我对这个要求不高感觉这个声音也不大出水速度出热水没有以前用的樱花的老款快那个会放一阵冷水然后就是热水关掉再开水也马上是热水这款先是冷水再是热水关掉以后再开还是先冷水再出一点热水再又来冷水然后才是热水感觉这款很浪费水设计还是不合理当然我没用过别的牌子的恒温的不晓得是否是这样的安装服务安装服务我想说真的是贵前面买的一款零冷水的价格可能就是左右因为家里没法安装退货了但是问了师傅要是能装的话配件大概要多真是热水器不贵钱都含到安装里面了后来换了这一款也花了的配件费如果你想自己安管子师傅会把你的热水器都给拆下来反正得买他们家的管子拆下以前旧热水器花了元在试前面一个热水器是否能装的时候师傅把我们家墙上水管的阀门都弄坏了后来装的师傅居然说是水管坏了给我们换一根水管还要我们自己出来块钱结果还是漏换了阀门才不漏而且还要我们自己出阀门的钱最后在我们据理力争的情况下这个钱没归我们出了耗能情况不清楚,0.0
35407,100007766168.0,1.0,2020-02-29 12:49:21,安装服务垃圾垃圾垃圾是害怕疫情吗打了一天售后电话各种理由不上门安装包装上写的那么清楚免费安装从美的官网投诉被扔给售后售后一副天不怕地不怕的样子我就不来你爱咋咋地还得我自费安费,2.7708351546529286e-07
35415,100007766168.0,5.0,2020-02-15 18:45:54,外形外观土豪金高端大气恒温效果一会热水一会冷水效果不好希望可以维修噪音大小很小出水速度很快安装服务自己安装的耗能情况很不错,0.9648981444408115
35435,100007766168.0,5.0,2020-01-13 21:14:08,外形外观很好看颜色比较喜欢恒温效果出热水很快噪音大小基本没有很大的噪音不影响正常生活休息出水速度出水很快水压很不错安装服务师傅安装很细心很周到,0.9999999849556895
35438,100007766168.0,5.0,2020-01-11 11:14:46,外形外观身颜色温和内敛大气看上去很舒服恒温效果热水出水很快一直很稳定噪音大小声音不大尤其打火声音很小在可以承受的范围内安装服务安装师傅很热情负责由于是换新机安装的不仅免费把旧机拆下来了还没有多收配件费好评必须,0.9987649149086583
35439,100007766168.0,5.0,2020-01-11 10:29:58,外形外观不错好看美观恒温效果很好噪音大小正好不大不小出水速度很快20多秒出热水安装服务售后安装也很好耗能情况省电省气不错的机器WIFI功能很好手机就可以控制热水器很简单操作比我之前的好用多了面板操作也很简单温控调节方便一般使用42℃就行出水嘎嘎滴在家洗澡老舒服了,0.9999999856346109
35452,100007766168.0,5.0,2020-01-05 13:57:45,安装师傅很好外观大方手机还能控制温度噪音很小出水速度快安装速度也快美的（Midea）12升恒温芯精控恒温智能变升WIFI智控侧焰稳燃双重防冻燃气热水器天然气JSQ22-JM1手感不错反应灵敏,0.9994369335629817
35455,100007766168.0,1.0,2020-01-04 08:59:35,外形外观见到实物第一感觉不是特别心动因为外观很多手印觉得是退货的机器恒温效果使用中效果一般般与前面樱雪热水器相比效果差一点噪音大小可以接受的范围出水速度相比前一台热水器感觉差不多也是可以接受的范围安装服务我房子换了三台热水器没有想到师傅来了讲这不行要求另外打空买烟管否则不装我觉得就是要买东西才行没办法另请其他品牌师傅了耗能情况昨晚刚刚使用后续再说,0.005529950497872638
35481,100007766168.0,5.0,2019-12-14 10:30:05,家里俩厕所买了两个感觉还不错哟外形大小合适热水效果快热度稳定合适调节方便又没有噪音颜色好看摸着材质也很舒服屏幕显示很大字迹清晰操作简单老年人也能很快上手恒温调控用起来很舒服防止忽冷忽热安装联系方便服务到位没有额外收费项目耗能较低综合各方面性能非常不错了我们年轻人不在家安装师傅也非常有耐心的教会了我家八十几岁的奶奶很赞,0.9999999983589907
35486,100007766168.0,5.0,2019-12-07 09:21:31,外形外观漂亮恒温效果温度稳定噪音大小比之前用的品牌噪音小很多出水速度10几秒可以出热水安装服务自己安装的美的的家用小电器品质还是值得信赖的因为之前的热水器风扇坏了没法点火而且也用了快10年了所以就索性换了一个新的收到货后自己立即开始安装通电测试连接Wi-Fi很顺利的完成这个燃气热水器容量合适一厨一卫同时使用也可以保证水温的稳定外观漂亮大字体显示触摸按键排风的声音比较之前的的却小一些很满意这次购物,0.9999969205364265
35544,100007766168.0,1.0,2020-05-23 12:33:48,安装服务投诉售后人员美的不给回访也不给处理售后服务形同虚设,0.005132851836552099
35545,100007766168.0,1.0,2020-05-21 23:38:55,2000三件套安装费600多多少无所谓花的贼难受,0.04757381494691115
35551,100007766168.0,3.0,2020-05-17 14:40:26,产品就那样吧已经装OK啦但是还未使用呢买一个热水器装一下材料用元美的材料太贵了啦这个真的不能接受不用美的材料话说后面售后没法保证真是醉了啦装的师傅真的辛苦啦中午饭还没有吃真是让让心疼师傅辛苦啦美的材料真的可以改善改善啦安装材料只是贵的无语一个连接管元外面就买元安装服务装师傅很好铺材材料太贵,4.6437599610649194e-05
35624,100007766168.0,1.0,2019-11-28 11:36:12,噪音大安装服务安装就装了个烟道管另外收费了元垃圾美地再也不买美地产品安装人家老板的电器一收货就客服联系我美地的要自己去联系装个热水器几个小零件顶多元收垃圾,1.740554983475917e-07
