product_id,score,comment_time,comment
2905589.0,1.0,2019-12-23 22:55:51,噪音有点大
2905589.0,1.0,2019-11-23 20:55:39,海尔连一个变压器声音都解决不了我也是醉了嗡嗡响出厂时娘胎带的
2905589.0,3.0,2020-06-12 15:20:18,声音小的
2905589.0,5.0,2020-05-15 15:28:46,只有强排风机的声音
2905589.0,5.0,2019-12-18 21:32:24,噪音小
2905589.0,5.0,2020-07-06 10:27:05,安静风扇声音适中
2905589.0,5.0,2020-05-15 10:16:08,噪音比较小比我上一台的小多了
2905589.0,5.0,2020-04-13 21:50:46,比以前的声音小多了尤其是启动的声音很小
2905589.0,5.0,2019-10-31 15:59:45,可以接受风机声音大
2905589.0,5.0,2019-11-16 22:38:19,和以前用的热水器相比这款真的是非常的不错没有什么样的噪音动作也非常的好一点也没有噪音污染
2905589.0,5.0,2020-03-21 06:38:17,声音小
2905589.0,5.0,2019-10-07 20:47:04,在能接受的范围内
2905589.0,5.0,2020-05-14 13:23:33,我是家里的用了八年了换新机以前的吵得很而且当时还买的好几大千的这个一装没声音我跟婆婆还跑去厨房看了两次以为没开呢静音没得说很好
2905589.0,5.0,2019-12-13 16:00:27,和电风扇差不多可以接受
2905589.0,5.0,2020-06-23 08:49:40,声音不太大；
2905589.0,5.0,2020-02-22 13:54:40,静音效果不错
2905589.0,5.0,2020-03-25 19:14:26,能听到点扑扑声很不错了
2905589.0,5.0,2019-11-03 11:58:39,噪音低
2905589.0,5.0,2020-03-15 11:18:56,声音很小
2905589.0,5.0,2019-11-16 16:41:11,声音比较小比较满意
2905589.0,5.0,2019-12-23 22:28:46,噪音很小当然也和安装位置有关安装在看门口的生活阳台上卫生间几乎听不到升星
2905589.0,5.0,2019-11-19 23:01:58,没问题基本没什么噪音
2905589.0,5.0,2019-11-16 11:53:49,一点点不影响
2905589.0,5.0,2019-10-29 13:08:17,噪音比较小
2905589.0,5.0,2020-05-08 17:32:14,很小静音喜欢
2905589.0,5.0,2019-12-27 21:27:41,不大
2905589.0,5.0,2019-10-13 12:13:51,噪音不大可以接受
2905589.0,5.0,2019-11-05 18:38:10,声音在可以接受的范围了
2905589.0,5.0,2019-12-01 11:18:20,声音不大不吵；
2905589.0,5.0,2019-12-12 09:14:31,声音不大
2905589.0,5.0,2019-11-21 10:35:08,噪音一般吧
2905589.0,5.0,2020-01-19 13:07:11,声音可以接受
2905589.0,5.0,2020-03-06 15:07:17,不大
2905589.0,5.0,2019-12-09 09:05:31,在正常值
2905589.0,5.0,2019-10-28 12:03:10,很小
2905589.0,5.0,2020-03-21 12:50:19,噪音不大
2905589.0,5.0,2019-10-17 08:32:04,声音很小
2905589.0,5.0,2020-01-11 17:15:55,噪音不大可以接受风扇声音很小
2905589.0,5.0,2020-04-08 15:26:08,低于国家规定标准很好的赞赞
2905589.0,5.0,2019-12-01 17:54:18,没啥声音
2905589.0,5.0,2020-06-09 11:54:44,小不太听得到
2905589.0,5.0,2020-02-14 11:54:32,随温度的升高噪音有不同的变化设定在45度噪音可以接受
2905589.0,5.0,2020-03-31 21:35:37,几号没什么噪音
2905589.0,5.0,2019-12-22 10:28:42,比起家里之前的就热水器就是静音
2905589.0,5.0,2020-05-18 11:19:28,很好声音很小
2905589.0,5.0,2019-12-03 22:10:32,不注意还是较小的声动
2905589.0,5.0,2019-10-02 15:08:26,能接受
2905589.0,5.0,2019-09-23 21:44:49,很低
2905589.0,5.0,2019-10-29 11:44:07,很少
2905589.0,5.0,2020-01-16 15:53:37,能接受
2905589.0,5.0,2019-11-04 21:43:22,基本没什么噪音很安静啊
2905589.0,5.0,2020-02-07 15:51:28,不算大
2905589.0,5.0,2019-12-12 20:41:28,无明显噪音
2905589.0,5.0,2019-10-26 18:43:03,很小
2905589.0,5.0,2020-02-27 15:10:08,很小
2905589.0,5.0,2020-05-19 08:57:43,噪音很小真的很小
2905589.0,5.0,2019-09-28 15:17:52,声音很轻
2905589.0,5.0,2020-02-09 20:23:50,非常小
2905589.0,5.0,2019-10-24 21:56:00,声音很小原来也是用这牌子的才换了新的
2905589.0,5.0,2020-05-14 20:21:16,比较小
2905589.0,5.0,2020-05-06 16:16:58,非常小
2905589.0,5.0,2019-10-30 17:24:13,噪音不大等使用以后再来做追加评论
2905589.0,5.0,2019-12-15 06:58:24,比以前樱花的小多了
2905589.0,5.0,2019-11-17 12:48:29,可以
2905589.0,5.0,2020-04-27 11:04:01,不错
2905589.0,5.0,2019-12-06 22:44:17,很安逸
2905589.0,5.0,2020-03-21 14:38:47,试用了一下噪音很小
2905589.0,5.0,2020-04-25 20:52:41,噪音小
2905589.0,5.0,2020-01-01 23:53:36,还是可以接受的
2905589.0,5.0,2019-11-18 09:14:13,噪音很小
2905589.0,5.0,2020-04-26 11:12:10,完美
2905589.0,5.0,2019-11-08 08:39:23,静音设计很安静
2905589.0,5.0,2020-02-04 15:34:44,声音较小
2905589.0,5.0,2019-11-19 12:06:30,比起以前用的百得在客厅听不到
2905589.0,5.0,2020-03-07 17:33:14,声音很小
2905589.0,5.0,2019-11-10 09:08:42,音几乎听不到
2905589.0,5.0,2020-02-10 16:31:31,很小哈
2905589.0,5.0,2020-06-22 09:47:25,声音很轻
2905589.0,5.0,2020-06-18 14:04:02,不大几乎在旁边都听不到声音比以前的万和好多了
2905589.0,5.0,2020-06-03 17:18:27,适中
2905589.0,5.0,2020-05-31 20:33:33,暂时还没使用相信海尔的品质使用后再来追评
2905589.0,5.0,2020-05-30 14:09:38,噪音很小
2905589.0,5.0,2020-05-27 07:50:23,正常的噪音都会有的可以接受的声音
2905589.0,5.0,2020-05-18 18:14:23,比原来的林内声音轻好多
2905589.0,5.0,2020-05-17 15:40:25,没有对比过
2905589.0,5.0,2020-04-28 23:44:42,一般
2905589.0,5.0,2020-04-28 22:19:03,排风声音在可以接受的范围内反正洗澡的时候是听不到噪音的因为燃气热水器不可能安装在卫生间
2905589.0,5.0,2020-04-25 18:10:04,很小没噪音
2905589.0,5.0,2020-04-21 10:50:05,很小
2905589.0,5.0,2020-04-18 13:51:18,噪音比以前的大
2905589.0,5.0,2020-05-16 14:04:40,还可以
2905589.0,5.0,2020-04-20 12:47:23,适当
2905589.0,5.0,2020-04-17 07:59:31,声音能接受
2905589.0,5.0,2020-03-14 21:11:59,噪音声音有些但还可以接受
2905589.0,5.0,2020-02-28 17:53:11,海尔大牌质量保证
2905589.0,5.0,2020-01-27 22:44:15,不大可以接受
2905589.0,5.0,2020-03-31 18:00:11,很小基本上听不到
2905589.0,5.0,2020-03-24 17:09:40,很好
2905589.0,5.0,2020-03-24 07:43:35,没什么噪音
2905589.0,5.0,2020-01-03 14:12:19,还没通燃气没有测试
2905589.0,5.0,2019-12-31 21:04:48,噪音不是很大在可接受范围之内
2905589.0,5.0,2019-12-28 00:13:33,可以接受
2905589.0,5.0,2019-12-23 07:27:56,可以接受
2905589.0,5.0,2019-12-23 00:01:59,声音还算可以
2905589.0,5.0,2019-12-17 22:41:13,很静音
2905589.0,5.0,2019-12-16 19:48:07,一般般
2905589.0,5.0,2019-12-04 18:06:44,噪音小
2905589.0,5.0,2019-11-23 18:06:27,还能接受不是太大长时间运行噪音也很小
2905589.0,5.0,2019-11-20 19:57:41,几乎没有噪音
2905589.0,5.0,2019-11-14 20:52:38,噪音属于正常范围不算太大声
2905589.0,5.0,2019-11-13 14:08:38,声音还可以
2905589.0,5.0,2019-10-28 22:28:22,一般
2905589.0,5.0,2019-10-15 08:06:55,噪声小
2905589.0,5.0,2019-10-09 16:37:24,噪音小
2905589.0,5.0,2019-10-07 16:19:58,安静
2905589.0,5.0,2019-10-07 16:15:44,还没测试
2905589.0,5.0,2019-10-05 22:41:26,非常先
2905589.0,5.0,2019-09-27 14:02:01,不大
2905589.0,5.0,2019-09-25 20:18:59,不大在厨房洗澡也听不见
66315345132.0,5.0,2020-07-05 08:34:53,非常小
66315345132.0,5.0,2020-04-14 15:38:57,声音不大
66315345132.0,5.0,2020-05-30 08:16:12,极小
66315345132.0,5.0,2020-06-12 12:45:03,不错的
66315345132.0,5.0,2020-04-19 16:51:04,声音很小比我原来买的要安静不少安装的师傅还特意问问是什么牌子的怎么声音这么小
66315345132.0,5.0,2020-07-03 16:25:58,不大
66315345132.0,5.0,2020-06-21 20:37:20,声音确实不大
66315345132.0,5.0,2020-04-20 10:14:17,声音不大可以接受
66315345132.0,4.0,2020-06-03 12:33:42,比较小
66315345132.0,5.0,2020-06-12 19:09:18,还没用
66315345132.0,5.0,2020-06-06 15:23:28,较小
66315345132.0,5.0,2020-06-06 19:45:48,跟以前比几乎没噪音
100003294619.0,1.0,2020-01-07 12:22:00,噪音大不太适合安静的环境
100003294619.0,5.0,2020-01-08 00:17:07,声音小
100003294619.0,5.0,2019-12-28 23:12:54,声音很小几乎不容易注意到
100003294619.0,5.0,2020-06-17 14:10:26,噪音比较少
100003294619.0,5.0,2020-06-19 01:49:53,声音很小和之前的相比这算是没有声音了好么
100003294619.0,5.0,2020-06-06 10:03:02,比较小正常可接受
100003294619.0,5.0,2020-06-21 23:29:50,试了下水声音不会大能接受
100003294619.0,5.0,2020-04-01 11:20:57,噪音小
100003294619.0,5.0,2019-12-18 10:56:14,基本没什么噪音
100003294619.0,5.0,2019-12-27 11:30:42,噪音的话也比我们以前用的很小也不会打扰到家人的休息睡觉总之就是很满意
100003294619.0,5.0,2019-12-01 17:12:22,噪音还可以吧不是太大可以接受
100003294619.0,5.0,2020-04-09 02:29:37,没有什么大的噪音
100003294619.0,5.0,2019-11-07 15:46:32,噪音小
100003294619.0,5.0,2020-03-14 15:44:35,还好没那么吵
100003294619.0,5.0,2020-04-11 07:58:16,没大有噪音
100003294619.0,5.0,2019-11-02 11:25:30,噪音小装在厨房里面对噪音的要求不高
100003294619.0,5.0,2019-12-16 13:28:26,比以前家里用那款声音小了很多果然大品牌值得信赖
100003294619.0,5.0,2020-03-09 16:02:11,噪音不大
100003294619.0,5.0,2019-10-28 19:10:04,声音合理范围内可接受
100003294619.0,5.0,2020-03-27 18:07:36,用起来安静没燥音
100003294619.0,5.0,2019-09-23 19:47:40,声音很小感觉不到
100003294619.0,5.0,2019-11-14 21:19:36,噪音一般可以接受
100003294619.0,5.0,2019-11-15 11:58:07,小能接受
100003294619.0,5.0,2019-11-27 20:26:43,较小
100003294619.0,5.0,2019-11-12 23:58:29,噪音不大比以前用的旧款好多了
100003294619.0,5.0,2020-04-07 21:11:06,基本上没啥声音
100003294619.0,5.0,2020-01-29 18:55:32,噪音较小很棒
100003294619.0,5.0,2020-03-12 21:47:28,烧水时声音很小比以前的安静许多不怕晚上开热水器打扰家人休息啦
100003294619.0,5.0,2020-06-12 14:42:01,还好声音不大
100003294619.0,5.0,2020-05-23 19:42:10,噪音很小超静音
100003294619.0,5.0,2019-11-11 13:30:44,风机声音很小
100003294619.0,5.0,2019-12-29 11:59:50,没有噪音
100003294619.0,5.0,2019-11-19 20:42:17,噪音不大
100003294619.0,5.0,2020-01-10 01:07:24,声音正常能接受不会很吵
100003294619.0,5.0,2019-12-14 13:45:51,噪音不大和预想的一样
100003294619.0,5.0,2020-06-20 16:33:06,噪音小
100003294619.0,5.0,2019-11-10 16:05:14,声音会随着温度增大能接受
100003294619.0,5.0,2019-11-26 08:24:00,声音小
100003294619.0,5.0,2019-11-24 19:03:19,噪音小
100003294619.0,5.0,2019-12-16 13:38:20,比之前那个热水器声音小的多主要我安装了增压泵增压泵声音比热水器大
100003294619.0,5.0,2019-12-10 11:34:56,放在入户花园旁边的客厅只听的到轻微的声音
100003294619.0,5.0,2020-02-08 21:40:58,比较小满意
100003294619.0,5.0,2019-11-25 13:22:13,像远处高铁来了
100003294619.0,5.0,2019-11-18 17:40:52,基本没什么声音可以接受
100003294619.0,5.0,2020-03-23 11:03:25,很小比旧机安静
100003294619.0,5.0,2019-12-15 21:11:43,声音几乎没有听不见
100003294619.0,5.0,2019-11-06 15:41:45,比较安静没有明显噪音
100003294619.0,5.0,2019-10-27 17:26:26,还是可以接受的
100003294619.0,5.0,2019-11-08 22:04:01,比较小
100003294619.0,5.0,2020-02-01 21:14:48,很小
100003294619.0,5.0,2020-06-04 09:33:53,噪音低点火快
100003294619.0,5.0,2020-06-12 22:12:24,噪音不大
100003294619.0,5.0,2019-12-28 09:47:07,噪音比较小
100003294619.0,5.0,2020-06-07 18:07:57,噪音很小
100003294619.0,5.0,2020-04-28 13:51:11,声小
100003294619.0,5.0,2020-05-10 15:11:01,可以接受
100003294619.0,5.0,2020-01-12 13:52:17,声音不大可忽悠
100003294619.0,5.0,2019-11-08 10:32:40,不大很满意的一次购物一直以来就很信任海尔的产品国产大牌就是不一样还有海尔客服也不错对我的线上咨询一一耐心回复
100003294619.0,5.0,2020-03-13 13:51:42,完全可以接受
100003294619.0,5.0,2019-12-31 18:00:09,静音
100003294619.0,5.0,2019-12-03 16:41:15,声音较小
100003294619.0,5.0,2020-05-19 19:12:09,声音不大
100003294619.0,5.0,2020-06-26 13:27:01,比之前老的好太多
100003294619.0,5.0,2020-05-23 08:36:31,不大
100003294619.0,5.0,2020-04-24 08:51:44,噪音很小比之前的好很多
100003294619.0,5.0,2020-01-16 14:09:02,比原机好很多
100003294619.0,5.0,2020-04-07 22:32:35,没有噪音
100003294619.0,5.0,2019-11-28 11:07:35,几乎没有噪音
100003294619.0,5.0,2019-10-09 20:56:12,小不会影响日常生活和家人休息
100003294619.0,5.0,2020-06-16 02:08:52,无噪音
100003294619.0,5.0,2020-06-22 18:02:45,很小
100003294619.0,5.0,2019-12-01 15:20:59,很静音
100003294619.0,5.0,2020-03-14 17:17:05,噪音很小基本上不细听是听不到的
100003294619.0,5.0,2020-05-12 19:47:55,中等
100003294619.0,5.0,2020-03-17 18:43:09,声音还可以接受
100003294619.0,5.0,2020-06-22 19:02:23,几乎没有
100003294619.0,5.0,2019-12-23 18:50:33,很小
100003294619.0,5.0,2019-11-11 15:53:11,很小
100003294619.0,5.0,2020-05-06 08:59:23,还好不是特别大能接受吧
100003294619.0,5.0,2020-06-29 15:10:50,了一下开关火和烧水的时候基本没声音而且放在阳台上不会影响休息了
100003294619.0,5.0,2020-01-09 13:30:12,没有噪音
100003294619.0,5.0,2019-11-20 21:42:40,噪音不大比之前的旧热水器好太多了
100003294619.0,5.0,2020-06-22 20:32:20,噪音非常小
100003294619.0,5.0,2020-07-04 09:04:39,比较小可以接受
100003294619.0,5.0,2019-12-09 21:41:57,还好比较小
100003294619.0,5.0,2019-12-23 17:47:44,还未使用用后追评
100003294619.0,5.0,2019-12-07 14:28:02,微小
100003294619.0,5.0,2019-10-19 12:32:32,噪音也不大放在厨房阳台完全可以接受
100003294619.0,5.0,2020-01-17 17:36:45,有一点点风机声音
100003294619.0,5.0,2019-09-29 17:43:02,噪音大小还行能接受
100003294619.0,5.0,2020-01-23 15:38:02,出水非常安静打火的声音也很舒适
100003294619.0,5.0,2020-06-07 20:13:33,目前看还可以的
100003294619.0,5.0,2020-07-07 22:52:49,噪音可以接受
100003294619.0,5.0,2019-10-11 13:26:19,加热基本没有什么噪音
100003294619.0,5.0,2019-12-16 18:27:00,还没装天然气还需要确认
100003294619.0,5.0,2020-06-08 19:19:27,没试
100003294619.0,5.0,2020-04-17 20:40:12,声音小安装好后试用真棒物美价廉
100003294619.0,5.0,2020-05-07 19:26:37,性能优秀无噪音
100003294619.0,5.0,2019-11-12 18:08:20,目前试用感觉还可以声音不太大待使用后追评
100003294619.0,5.0,2019-12-01 11:23:18,不大
100003294619.0,5.0,2019-10-26 23:07:08,噪音还好完全能接受
100003294619.0,5.0,2020-03-10 19:12:22,声音很小
100003294619.0,5.0,2019-12-09 20:26:15,声音小
100003294619.0,5.0,2019-11-13 12:07:52,噪音不大
100003294619.0,5.0,2019-12-15 21:40:49,要循环水有点响音
100003294619.0,5.0,2019-10-20 00:37:16,噪音比原来的要小很多放在阳台几乎就听不到声音
100003294619.0,5.0,2020-06-15 18:31:11,声音很小
100003294619.0,5.0,2020-01-13 18:38:38,还未使用用过再来评价
100003294619.0,5.0,2019-12-14 13:38:09,噪音几乎没有
100003294619.0,5.0,2019-11-03 00:06:20,声音比较大
100003294619.0,5.0,2019-11-28 10:15:29,安装的时候试了一下噪音不是很大很好
100003294619.0,5.0,2019-11-07 10:43:06,不大
100003294619.0,5.0,2020-03-14 09:56:51,声音小
100003294619.0,5.0,2020-06-06 15:42:33,未使用待评
100003294619.0,5.0,2019-11-09 20:34:01,噪音可以接受
100003294619.0,5.0,2020-03-14 15:15:56,目前小区没通燃气所以没法试但是这个是两年以换代修的
100003294619.0,5.0,2019-12-04 11:58:43,声音很小
100003294619.0,5.0,2019-11-23 08:37:50,声音大小还可以接受总体评价五星
100003294619.0,5.0,2019-10-21 12:17:32,机汽噪音很小
100003294619.0,5.0,2019-12-14 10:11:29,使用后追加评论
100003294619.0,5.0,2019-10-05 01:24:28,尚未使用调试还行
100003294619.0,5.0,2019-10-02 21:48:56,尚未使用
100003294619.0,5.0,2020-01-13 09:06:37,噪音小
100003294619.0,5.0,2019-10-23 17:09:23,比较小
100003294619.0,5.0,2020-06-25 14:23:20,噪音小
100003294619.0,5.0,2020-02-17 16:45:39,9分
100003294619.0,5.0,2019-11-16 09:42:52,很小
100003294619.0,5.0,2020-07-03 15:11:50,声音小
100003294619.0,5.0,2019-11-21 12:41:25,安静几乎听不到任何声音
100003294619.0,5.0,2019-12-01 20:05:41,不算大
100003294619.0,5.0,2019-11-14 22:34:27,噪音也小基本没有什么声音
100003294619.0,5.0,2019-11-13 10:47:16,噪音很小
100003294619.0,5.0,2019-11-12 19:59:11,还没开过机用完追评
100003294619.0,5.0,2020-01-15 15:07:14,很小
100003294619.0,5.0,2019-12-19 13:29:53,很小
100003294619.0,5.0,2019-12-08 09:34:35,工作声音很小
100003294619.0,5.0,2019-12-16 18:01:47,常规
100003294619.0,5.0,2019-11-19 10:56:23,不大不小刚刚好
100003294619.0,5.0,2019-11-14 09:31:01,几乎听不到噪音
100003294619.0,5.0,2019-12-23 21:02:15,声音不大比以前的好多了呢
100003294619.0,5.0,2019-10-27 16:35:28,可以接受不靠近卧室所以没有影响
100003294619.0,5.0,2019-11-03 10:57:57,可以接受
100003294619.0,5.0,2019-12-05 19:09:48,非常静音
100003294619.0,5.0,2020-06-23 17:12:57,可以
100003294619.0,5.0,2020-06-23 13:48:30,装在生活阳台并不影响
100003294619.0,5.0,2019-12-08 17:59:52,一般
100003294619.0,5.0,2020-01-15 10:57:58,安装在阳台上和背景噪音无差异
100003294619.0,5.0,2019-12-24 10:16:13,声音不大
100003294619.0,5.0,2019-12-15 12:09:01,噪音不大
100003294619.0,5.0,2020-05-20 11:25:55,很安静
100003294619.0,5.0,2020-05-17 14:32:36,可以
100003294619.0,5.0,2019-11-19 12:31:08,很小
100003294619.0,5.0,2020-06-07 19:08:46,还不错
100003294619.0,5.0,2020-06-19 20:15:04,放在厨房根本就听不到声音
100003294619.0,5.0,2020-01-10 21:23:59,没用以后用在说
41508198869.0,5.0,2019-12-07 12:52:58,噪音不大原来的旧机器开起来像拖拉机一样海尔这个做的非常基本上听不到什么噪音
41508198869.0,5.0,2020-03-22 21:23:55,没什么噪音
41508198869.0,5.0,2020-03-03 23:03:26,几乎没有
41508198869.0,5.0,2019-11-19 20:54:20,声音比较低
41508198869.0,5.0,2020-01-03 16:19:56,不大可以接受
41508198869.0,5.0,2020-02-28 09:11:48,比原来的轻很多
41508198869.0,5.0,2020-07-03 14:17:46,几乎没有噪音比以前的机器进步很大
41508198869.0,5.0,2020-01-19 22:37:38,很小
41508198869.0,5.0,2020-01-21 09:36:54,声音很小不错
41508198869.0,5.0,2020-01-18 00:19:14,可以较小厨房外面听不到
41508198869.0,5.0,2020-02-12 11:36:07,噪音能够接受他毕竟是放在厨房
41508198869.0,5.0,2019-10-23 11:04:51,噪声很小放阳台基本听不见
41508198869.0,5.0,2019-11-07 12:58:17,噪音比以前的老款机子好多了
41508198869.0,5.0,2019-11-25 12:57:32,比较小可以忽略
41508198869.0,5.0,2020-01-13 17:25:19,很小
41508198869.0,5.0,2020-03-27 14:58:36,声音不大
41508198869.0,5.0,2020-01-23 14:45:20,很好
41508198869.0,5.0,2020-01-01 22:18:24,就没有
41508198869.0,5.0,2019-11-02 16:44:15,非常安静噪音非常小
41508198869.0,5.0,2019-10-09 13:58:14,静音
41508198869.0,5.0,2019-12-09 10:44:22,一般
41508198869.0,5.0,2020-03-06 17:40:49,中规中矩不错
41508198869.0,5.0,2020-05-04 12:40:16,几乎没有声音
41508198869.0,5.0,2019-10-21 15:24:09,声音很小很安静比以前用了好些年的旧炉子静音多了
41508198869.0,5.0,2020-06-05 19:09:08,噪音较小
41508198869.0,5.0,2020-03-22 19:29:55,噪音小
41508198869.0,5.0,2019-12-31 12:19:42,还可以
41508198869.0,5.0,2019-11-09 17:20:58,噪音很小
41508198869.0,5.0,2020-01-03 00:26:05,很小
41508198869.0,5.0,2019-11-25 18:19:29,声音不大新炉子水里气泡多水声大点我用的上一台开始也这样过两天就好了
41508198869.0,5.0,2020-04-16 17:26:26,很小
41508198869.0,5.0,2019-11-11 21:08:15,挺小的
41508198869.0,5.0,2020-04-01 21:49:56,很小声音
41508198869.0,5.0,2019-12-22 13:18:16,非常小
41508198869.0,5.0,2020-07-13 18:46:10,声音很轻好评
41508198869.0,5.0,2020-05-14 06:40:32,还可以
41508198869.0,5.0,2019-11-23 13:33:18,正常
41508198869.0,5.0,2019-11-23 14:52:24,最主要的是还没有通气用过后再来评价
41508198869.0,5.0,2019-12-21 17:42:52,几乎听不到噪声
41508198869.0,5.0,2020-04-11 08:36:02,噪音很小
41508198869.0,5.0,2019-11-14 10:16:29,声音很小
41508198869.0,5.0,2019-11-14 17:40:26,不大
41508198869.0,5.0,2019-12-19 23:13:00,适中
41508198869.0,5.0,2019-12-20 20:41:24,不大
41508198869.0,5.0,2020-03-14 12:09:48,静音
41508198869.0,5.0,2020-01-28 02:52:34,没什么
41508198869.0,5.0,2019-11-11 12:24:17,声音很小
41508198869.0,5.0,2020-04-16 00:11:30,声音很小声
41508198869.0,5.0,2019-11-09 19:33:23,噪音小外形美观出水速度很快
41508198869.0,5.0,2019-11-13 21:52:21,噪声很小
41508198869.0,5.0,2019-11-13 23:50:08,噪音很小运转很平稳不错
41508198869.0,5.0,2020-03-18 10:04:02,很小
41508198869.0,5.0,2020-01-08 16:37:20,没什么声音还可以
41508198869.0,5.0,2020-01-18 08:48:15,噪音不是很大比家用风扇调到最大档的声音小隔道门基本听不到
41508198869.0,4.0,2020-05-27 12:30:05,还能接受不是很大
41508198869.0,5.0,2019-10-13 16:37:59,可以推荐
41508198869.0,5.0,2020-05-12 13:38:52,就只有风机声音
41508198869.0,5.0,2020-02-06 17:11:40,噪音不大
41508198869.0,5.0,2020-04-09 15:34:17,可以接受
41508198869.0,5.0,2020-04-25 17:50:42,噪音很低就是刚开始装的时候声音大安装师傅说是里边有空气用了一会就没声音了
41508198869.0,5.0,2019-10-15 12:14:52,阳台放的不影响
41508198869.0,4.0,2019-12-20 16:09:11,旧机子用了好多年这个声音比之前的小
41508198869.0,5.0,2019-12-25 08:41:12,噪音小
41508198869.0,5.0,2020-06-21 15:40:07,看买过的人晒单都说噪音小打火快热量持久还没实验
41508198869.0,5.0,2019-11-22 20:37:23,比我家冰箱声音还有肯定小于国家标准小于40分贝
41508198869.0,5.0,2019-12-11 08:23:35,声音不是太大但采暖时一直有声音
41508198869.0,5.0,2019-12-16 13:53:07,噪音和之前的不起来等于没有小到可以忽略了
41508198869.0,5.0,2020-02-14 13:38:48,能接受
41508198869.0,5.0,2020-03-19 09:01:25,有些噪音
41508198869.0,5.0,2019-12-17 19:55:07,声音小
41508198869.0,5.0,2020-04-12 15:50:50,可以
41508198869.0,5.0,2019-12-21 22:47:10,毕竟是新产品噪音比以前小了海尔大牌也值得信赖
41508198869.0,5.0,2019-12-24 18:58:24,声音不是很大在厨房也不怎么听得到
41508198869.0,5.0,2019-09-23 20:14:21,声音小
41508198869.0,5.0,2019-11-18 22:31:34,声音比较小放在厨房基本听不到
41508198869.0,5.0,2019-12-02 14:29:06,还可以吧算不上静音
41508198869.0,5.0,2019-11-24 18:16:38,噪音小在厨房没在意
41508198869.0,5.0,2020-06-30 22:32:02,还行
41508198869.0,5.0,2020-03-24 21:15:59,声音不大
41508198869.0,5.0,2019-11-12 18:02:43,噪音很小
41508198869.0,5.0,2020-04-05 23:57:08,有点大
41508198869.0,5.0,2019-11-17 15:24:01,声音很小
41508198869.0,5.0,2019-12-27 13:41:03,可以比较小
41508198869.0,5.0,2019-12-24 20:42:30,噪音不大
41508198869.0,5.0,2019-12-30 09:17:59,不大
41508198869.0,5.0,2020-01-18 17:55:09,一般
41508198869.0,5.0,2020-02-08 07:36:07,声音太大了
41508198869.0,5.0,2019-11-21 12:07:08,声高不大
41508198869.0,5.0,2020-01-07 08:34:31,还行
41508198869.0,5.0,2019-12-28 18:55:59,还行
41508198869.0,5.0,2019-12-22 12:51:00,不错
41508198869.0,5.0,2019-12-25 11:18:06,噪音低
41508198869.0,5.0,2019-10-12 10:14:21,噪音比较小
41508198869.0,5.0,2019-12-05 20:57:09,适合
41508198869.0,5.0,2019-12-01 13:05:25,满意
41508198869.0,5.0,2020-01-15 16:44:58,噪音小
41508198869.0,5.0,2020-04-13 15:26:19,还行
41508198869.0,5.0,2020-03-07 01:28:57,⊙很可以
41508198869.0,5.0,2020-06-10 07:18:04,还能接受
41508198869.0,5.0,2019-11-19 18:43:55,感觉还可以吧装完还没用
41508198869.0,5.0,2019-10-16 19:11:15,外观漂亮噪音小
41508198869.0,5.0,2020-06-11 13:38:56,噪音小运行很安静
41508198869.0,5.0,2020-06-03 16:08:46,噪音不大挺小的挺着比较舒适还是很满意的
41508198869.0,5.0,2020-02-24 00:21:13,比较安静比我家之前那个强多了
41508198869.0,5.0,2019-12-24 12:39:06,可以
41508198869.0,5.0,2019-12-21 19:37:45,噪音不算特别大
41508198869.0,5.0,2019-12-16 13:33:18,声音是有的但是声音很小几乎听不到耗能情况挺节能的专门用后才来评价两周用了才块钱的气比集体供暖节省不少而且还暖和装上以后我和宝宝在家里都可以做做游戏什么的真心不错外形外观外观精致大方我喜欢简洁大方出水速度出水也挺快的这次再也不用担心家里没有热水用了冬天洗洗很安装服务师傅的安装速度挺快到的让我们在冷的时候及时享受到了壁挂炉的温暖恒温效果恒温效果也不错节能
41508198869.0,5.0,2019-12-05 19:17:47,噪音很小
70083749927.0,5.0,2020-04-29 11:57:25,还行应该一般燃气热水器都有噪音
70083749927.0,5.0,2020-05-30 14:41:50,无噪音
70083749927.0,5.0,2020-04-19 21:50:57,基本上很小
70083749927.0,5.0,2020-05-10 13:38:50,噪音特别小
70083749927.0,5.0,2020-04-02 16:59:15,没啥声音
70083749927.0,5.0,2020-07-03 12:13:53,噪音小
70083749927.0,5.0,2020-04-26 23:59:30,可以接受
70083749927.0,5.0,2020-05-04 15:38:15,有点响声还很接受
70083749927.0,5.0,2020-06-16 15:30:16,没什么噪音
70083749927.0,5.0,2020-05-09 18:57:04,可以
70083749927.0,5.0,2020-04-18 16:43:38,声音不大关水以后风扇还要运行90秒排出废气
70083749927.0,5.0,2020-04-22 12:42:55,噪音很小几乎听不到
70083749927.0,5.0,2020-05-09 11:56:21,噪音很小
70083749927.0,5.0,2020-04-29 12:58:35,噪音小
70083749927.0,5.0,2020-05-09 15:27:35,几乎没有噪声师傅安装很专业服务态度也很好服务很到位感谢师傅辛苦付出
70083749927.0,5.0,2020-04-02 18:59:42,用起来安静没噪音
70083749927.0,5.0,2020-05-12 11:09:31,声音很小
70083749927.0,5.0,2020-05-14 19:00:55,没有噪音
70083749927.0,5.0,2020-05-17 16:18:46,比较轻
70083749927.0,5.0,2020-05-06 18:07:19,合适可忍受
70083749927.0,5.0,2020-04-24 14:15:33,有点声音
70083749927.0,5.0,2020-06-22 22:04:17,声音很小
70083749927.0,5.0,2020-07-06 17:05:45,不大
70083749927.0,5.0,2020-05-16 16:55:13,噪音很小
70083749927.0,5.0,2020-05-08 13:50:35,可以接受
70083749927.0,5.0,2020-05-07 10:37:46,很小挺漂亮
70083749927.0,5.0,2020-05-30 10:40:57,适中
70083749927.0,5.0,2020-05-05 18:03:59,声音很小
70083749927.0,5.0,2020-04-02 17:41:22,声音很小在阳台屋内完全感受不到声音
70083749927.0,5.0,2020-05-26 17:26:15,放在厨房关上柜门不觉得有噪音
70083749927.0,5.0,2020-05-05 17:37:19,不大
70083749927.0,5.0,2020-05-23 12:34:19,比以前的声音小很多
70083749927.0,5.0,2020-06-16 11:40:47,很小
70083749927.0,5.0,2020-06-19 21:33:46,噪音可以忽略
70083749927.0,5.0,2020-05-04 05:47:15,很小
70083749927.0,5.0,2020-04-04 15:46:41,噪音非常小非常满意
70083749927.0,5.0,2020-05-07 11:33:25,就热水器正常的音量不会觉得吵
70083749927.0,5.0,2020-06-03 10:07:00,声音小
70083749927.0,5.0,2020-06-05 23:32:47,静音好
70083749927.0,5.0,2020-04-24 10:30:09,基本上没有噪音
70083749927.0,5.0,2020-05-23 09:08:15,噪音小
70083749927.0,5.0,2020-04-02 21:52:27,可以说是完全静音站到厨房都听不见声音
70083749927.0,5.0,2020-06-12 14:01:08,声音很小
70083749927.0,5.0,2020-04-02 19:10:44,基本没什么噪音
70083749927.0,5.0,2020-04-02 19:23:43,基本没什么噪音
70083749927.0,5.0,2020-04-03 20:59:23,没听到有什么噪音
70083749927.0,5.0,2020-04-02 19:12:03,声音还可以接受
70083749927.0,5.0,2020-05-21 17:57:55,声音小很赞
70083749927.0,5.0,2020-05-01 09:19:37,东西很好出水温度刚好使用也方便手机完全操控非常方便
70083749927.0,5.0,2020-05-02 13:34:19,没接气会追评
70083749927.0,5.0,2020-04-23 11:44:13,超小
70083749927.0,5.0,2020-06-23 15:15:30,噪音给小
70083749927.0,5.0,2020-05-29 14:18:06,没什么声音
70083749927.0,5.0,2020-04-30 21:29:23,噪音不大
70083749927.0,5.0,2020-04-25 13:35:31,小非常小
70083749927.0,5.0,2020-04-02 19:29:02,几乎没有声音
70083749927.0,5.0,2020-05-15 21:20:11,很小
70083749927.0,5.0,2020-06-21 18:09:28,非常小
70083749927.0,5.0,2020-06-28 16:58:54,海尔热水器用起来非常方便简单
70083749927.0,5.0,2020-05-09 17:04:59,很小
70083749927.0,5.0,2020-06-21 18:40:39,非常好
70083749927.0,5.0,2020-05-01 18:10:48,声音也不打很不错啦
70083749927.0,5.0,2020-05-11 22:55:52,声音小
70083749927.0,5.0,2020-06-20 16:47:10,没有
70083749927.0,5.0,2020-06-03 09:38:18,噪音有点大啊
70083749927.0,5.0,2020-06-30 11:40:07,不算大
70083749927.0,5.0,2020-05-31 18:21:15,可以接受
70083749927.0,5.0,2020-04-02 16:09:30,基本无噪音
70083749927.0,5.0,2020-06-15 22:51:31,凑合
70083749927.0,5.0,2020-05-29 00:07:10,相较较小
70083749927.0,5.0,2020-06-11 22:37:43,放在厨房烧水的时候声音其实还挺大的
70083749927.0,5.0,2020-05-12 19:24:10,装在阳台基本上听不见的
70083749927.0,5.0,2020-05-17 13:52:03,家里还没安装门噪音有点大
70083749927.0,5.0,2020-04-19 14:42:24,噪音还好不算吵
70083749927.0,4.0,2020-05-05 19:09:04,随后点评
70083749927.0,5.0,2020-04-24 21:37:12,可以接受
70083749927.0,5.0,2020-05-03 12:50:19,声音不大
70083749927.0,5.0,2020-06-22 17:05:04,噪音有点还能接受
70083749927.0,5.0,2020-06-29 19:58:06,噪音小
70083749927.0,5.0,2020-04-18 10:02:43,以前没用过这种装修师傅说静音声音一般水平吧启动时有点动静后面还好
70083749927.0,5.0,2020-04-02 16:17:04,循环水的时候有一点声音不过不影响
70083749927.0,5.0,2020-04-24 15:12:13,声音不大
70083749927.0,5.0,2020-05-10 21:17:42,能接受
70083749927.0,4.0,2020-05-25 00:10:44,噪音很小
70083749927.0,5.0,2020-06-25 18:01:15,可以
70083749927.0,5.0,2020-05-24 18:20:35,还行
70083749927.0,5.0,2020-06-02 18:15:00,没比较过不清楚
70083749927.0,5.0,2020-05-08 20:02:23,安静
70083749927.0,5.0,2020-04-19 19:25:45,稍微有点大
70083749927.0,5.0,2020-04-02 19:50:22,没有什么噪音
70083749927.0,5.0,2020-04-26 23:41:27,适中
70083749927.0,5.0,2020-07-04 09:01:09,适合
70083749927.0,5.0,2020-06-14 13:52:28,噪音小
70083749927.0,5.0,2020-06-11 09:49:34,不大
70083749927.0,5.0,2020-06-08 17:05:27,声音小
70083749927.0,5.0,2020-05-15 19:26:07,不错
70083749927.0,5.0,2020-06-04 05:20:00,静音
70083749927.0,5.0,2020-06-28 12:59:36,没噪音
70083749927.0,5.0,2020-07-01 08:26:44,还没用
70083749927.0,5.0,2020-07-12 18:42:20,比较小
70083749927.0,5.0,2020-06-20 10:29:45,比普通的声音小
70083749927.0,5.0,2020-07-12 23:22:11,可以接受
70083749927.0,5.0,2020-07-05 08:22:09,还未使用
70083749927.0,5.0,2020-05-11 18:21:41,静音效果非常棒
70083749927.0,5.0,2020-04-26 23:00:44,噪音小
100004689445.0,5.0,2020-04-01 15:47:48,声音小
100004689445.0,5.0,2020-04-24 19:01:17,完全在可接受范围之内
100004689445.0,5.0,2020-03-29 18:04:29,声音比较小可以忽略不计和我以前的没法比现在操作简单好调老年人都能搞定
100004689445.0,5.0,2020-03-19 08:46:33,运行起来丝毫没有任何声音
100004689445.0,5.0,2019-12-31 10:20:01,挺小的可以接受
100004689445.0,5.0,2020-05-18 17:52:40,噪音也不会大
100004689445.0,5.0,2020-06-17 16:19:17,几乎无
100004689445.0,5.0,2020-06-17 11:34:32,运行噪音比较小安静舒适
100004689445.0,5.0,2020-06-07 15:44:53,基本无噪音
100004689445.0,5.0,2019-12-31 10:48:10,录了一个运行的视频基本没有噪音可以忽略了
100004689445.0,5.0,2020-05-03 12:45:56,噪音几乎可以忽略不计没什么噪音
100004689445.0,5.0,2020-06-19 19:18:13,噪音很少非常静音
100004689445.0,5.0,2019-11-25 21:38:52,比较安静比之前用的牌子好很多打火速度及熄火速度反应都很快
100004689445.0,5.0,2020-06-27 15:29:22,声音不大
100004689445.0,5.0,2019-11-02 16:04:22,声音很小比上一台小很多
100004689445.0,5.0,2020-05-13 17:55:45,噪音很小
100004689445.0,5.0,2020-04-30 20:50:56,和家里旧的机子相比声音小很多再也不用担心突然轰隆隆的声音了
100004689445.0,5.0,2020-06-13 10:20:30,很静
100004689445.0,5.0,2020-05-17 22:36:07,不错
100004689445.0,5.0,2020-04-29 22:28:29,噪音很小尤其跟之前那个比
100004689445.0,5.0,2020-03-03 13:46:51,没啥噪音而且是安装在室外所以噪音问题不大
100004689445.0,5.0,2020-06-17 10:37:57,噪音小
100004689445.0,5.0,2020-06-06 20:00:34,噪音比较小
100004689445.0,5.0,2020-04-05 21:51:17,声音很小比较安静
100004689445.0,5.0,2020-01-14 12:48:11,噪音不大基本可以接受放在厨房基本听不到声音对生活没有一点影响一个字好
100004689445.0,5.0,2020-07-04 15:06:13,声音很小在接受范围内
100004689445.0,5.0,2020-06-07 17:57:26,基本上没有噪音
100004689445.0,5.0,2020-06-05 00:38:43,可以忍受的范围基本上来讲在同级别中最好的
100004689445.0,5.0,2019-12-10 18:23:59,没有安装后测试
100004689445.0,5.0,2019-10-22 18:51:44,不大能接受
100004689445.0,5.0,2020-03-04 08:43:55,比旧机器的要好不少不过旧机器用了12年了
100004689445.0,5.0,2019-11-09 12:03:13,噪音很小
100004689445.0,5.0,2020-03-12 22:33:47,声音不大不会有刺耳的噪音
100004689445.0,5.0,2020-05-12 18:04:37,噪音小
100004689445.0,5.0,2020-07-05 18:10:50,声音很小一点不不影响家居生活
100004689445.0,5.0,2020-03-29 19:58:19,噪音小
100004689445.0,5.0,2019-10-26 23:51:30,还没有试过；
100004689445.0,5.0,2020-05-18 21:46:17,噪音很小基本静音
100004689445.0,5.0,2020-06-03 21:35:09,噪音小
100004689445.0,5.0,2020-06-21 21:14:03,声音大小还可以
100004689445.0,5.0,2020-05-17 18:27:42,可以接受
100004689445.0,5.0,2020-02-04 15:08:42,还可以噪音不大
100004689445.0,5.0,2019-11-13 21:40:02,很轻
100004689445.0,5.0,2020-07-07 11:02:00,常规噪音和朋友家们的比起来差不多了没有很吵闹
100004689445.0,5.0,2019-11-30 21:47:58,声音不大基本可以忽略
100004689445.0,5.0,2019-10-28 12:48:36,声音小
100004689445.0,5.0,2020-03-07 16:06:39,能够接受
100004689445.0,5.0,2020-03-16 20:14:25,声音可以接受比较东西要工作的
100004689445.0,5.0,2020-03-20 19:43:29,声音小不饶人
100004689445.0,5.0,2019-11-03 11:02:25,声音轻
100004689445.0,5.0,2020-03-04 13:10:52,噪音小
100004689445.0,5.0,2019-12-06 22:08:55,可以接受
100004689445.0,5.0,2020-01-02 17:51:42,噪音不大而且是装在厨房的对生活几乎没有影响
100004689445.0,5.0,2019-10-23 12:40:12,声音很小比之前的要小多了风声可以忽略
100004689445.0,5.0,2020-04-15 21:36:21,适中能接受
100004689445.0,5.0,2019-12-17 21:07:33,噪音小外观漂亮带wifi非常方便可以在洗手间调温度太方便恒温机不用忽冷忽热比之前的热水器噪音小很多海尔国际品牌就是不一样产品质量好质保时间长达8年售后服务更好赞赞赞支持海尔
100004689445.0,5.0,2020-04-26 10:41:56,噪音低特别机器装在阳台更加不是问题
100004689445.0,5.0,2019-12-03 22:16:01,小人不在阳台基本听不见
100004689445.0,5.0,2020-06-02 19:48:17,声音不大比上一个好多了
100004689445.0,5.0,2020-04-18 13:22:15,很小
100004689445.0,5.0,2019-12-30 16:22:49,非常静音
100004689445.0,5.0,2020-04-11 14:22:03,噪音小
100004689445.0,5.0,2020-06-21 18:36:02,声音很小比我以前的热水器声音小多了完全可以接受
100004689445.0,5.0,2020-01-19 08:04:00,几乎没有声音感觉不到
100004689445.0,5.0,2020-02-24 19:46:34,安静把厨房门关上在外面几乎听不见声音
100004689445.0,5.0,2020-03-08 14:05:56,噪音比之前的热水器小很多感觉很温柔的声音
100004689445.0,5.0,2019-11-30 14:54:47,比原来用的万和声音小好多可忽略不计
100004689445.0,5.0,2020-01-20 11:13:47,忽略不计
100004689445.0,5.0,2019-12-07 12:01:35,声音很小厨房以外几乎听不到任何声音
100004689445.0,5.0,2019-11-12 15:09:18,很小
100004689445.0,5.0,2019-12-10 15:04:09,很小
100004689445.0,5.0,2020-01-02 21:43:46,比以前的小多了
100004689445.0,5.0,2020-03-31 13:16:53,声音比较小
100004689445.0,5.0,2019-11-17 12:30:46,燥音小在能接受的范围
100004689445.0,5.0,2019-12-01 10:52:01,噪音个人觉得比较小
100004689445.0,5.0,2019-11-09 17:15:57,没有噪音
100004689445.0,5.0,2020-02-28 13:32:28,正常大小
100004689445.0,5.0,2020-06-21 15:39:04,声音很小几乎静音比我现在用的某品牌要好很多
100004689445.0,5.0,2019-12-10 18:55:20,噪音小
100004689445.0,5.0,2020-06-18 20:40:27,几乎没有非常安静
100004689445.0,5.0,2020-04-01 11:21:09,比较安静比换下来的万家乐还是安静一些的点火不会突然砰一下
100004689445.0,5.0,2020-04-09 15:22:36,安静
100004689445.0,5.0,2019-11-04 20:01:26,很小
100004689445.0,5.0,2020-05-03 22:42:41,没注意应该不是很大
100004689445.0,5.0,2020-05-16 16:25:33,适中
100004689445.0,5.0,2020-06-02 16:13:15,没有噪音
100004689445.0,5.0,2019-10-19 09:09:30,基本听不到噪音
100004689445.0,5.0,2020-06-25 11:49:36,声音很小
100004689445.0,5.0,2020-06-21 15:30:38,噪音小
100004689445.0,5.0,2019-12-01 20:41:14,比之前的热水器声音小多了根据升数来的不像不是变升的声音一样大小
100004689445.0,5.0,2020-01-16 23:28:41,非常小的嘈音
100004689445.0,5.0,2020-05-05 13:24:07,比老机器静音很多赞
100004689445.0,5.0,2020-05-06 18:18:57,没什么噪音
100004689445.0,5.0,2020-06-22 14:31:06,噪音小
100004689445.0,5.0,2019-11-19 21:44:18,比旧的声音小多了
100004689445.0,5.0,2019-12-07 20:10:00,噪音小
100004689445.0,5.0,2020-01-17 18:29:05,比老款声音小了很多
100004689445.0,5.0,2020-04-13 12:22:18,没有太多噪音很安静
100004689445.0,5.0,2020-03-13 07:13:56,声音很小
100004689445.0,5.0,2020-04-30 14:39:59,可以接受范围不大
100004689445.0,5.0,2020-01-31 10:42:55,噪音很小基本上没有影响
100004689445.0,5.0,2019-12-14 10:33:34,比之前的小
100004689445.0,5.0,2020-01-12 17:07:34,很小很静音
100004689445.0,5.0,2020-05-09 08:01:33,噪音不大
100004689445.0,5.0,2020-01-11 11:23:44,一般
100004689445.0,5.0,2019-11-26 08:23:08,很小
100004689445.0,5.0,2019-11-10 20:22:28,可以
100004689445.0,5.0,2019-12-14 15:22:59,还没用用过之后再评价海尔大品牌值得信赖
100004689445.0,5.0,2020-05-07 03:07:31,适度
100004689445.0,5.0,2020-05-07 17:45:23,噪音挺小的基本上听不到
100004689445.0,5.0,2019-12-26 17:22:54,噪声很小在厨房装的关上门基本听不到声
100004689445.0,5.0,2019-10-29 16:16:34,可以忽略
100004689445.0,5.0,2019-10-23 13:18:04,很小
100004689445.0,5.0,2020-02-10 15:35:25,很小
100004689445.0,5.0,2020-01-20 20:42:46,基本上没有噪音不会影响老人的睡眠
100004689445.0,5.0,2019-11-16 11:35:32,很小
100004689445.0,5.0,2020-05-05 16:37:06,非常好
100004689445.0,5.0,2019-10-27 09:05:01,噪音很小的
100004689445.0,5.0,2020-05-19 11:10:11,很不错
100004689445.0,5.0,2020-05-10 13:49:17,声音很环保
100004689445.0,5.0,2020-07-03 09:09:36,稍微有一丢丢声音在可接受范围内
100004689445.0,5.0,2020-06-22 17:58:06,声音不大正常声音
100004689445.0,5.0,2020-05-02 18:32:43,小可以接受
100004689445.0,5.0,2019-11-30 14:27:46,没有
100004689445.0,5.0,2020-05-05 11:43:30,声音适中
100004689445.0,5.0,2020-07-10 17:26:15,声音不大
100004689445.0,5.0,2020-01-13 17:14:18,不大
100004689445.0,5.0,2020-05-18 20:01:55,可以接受
100004689445.0,5.0,2019-10-26 17:53:48,声音不大
100004689445.0,5.0,2019-12-27 13:16:33,还可以
100004689445.0,5.0,2019-10-20 15:16:02,声音很小
100004689445.0,5.0,2020-04-25 15:06:14,灰常小很满意
100004689445.0,5.0,2020-04-05 11:16:29,到时追评
100004689445.0,5.0,2020-04-20 18:00:03,很小
100004689445.0,5.0,2020-05-24 07:30:10,相对较小
100004689445.0,5.0,2019-11-26 12:40:30,非常安静
100004689445.0,5.0,2019-12-10 10:50:13,噪音小
100004689445.0,5.0,2019-11-08 16:46:30,满意
100004689445.0,5.0,2020-01-04 17:58:07,噪音很小
100004689445.0,5.0,2020-02-14 23:33:19,不大
100004689445.0,5.0,2020-04-17 22:14:26,噪音很小基本感觉不到
100004689445.0,5.0,2020-05-21 14:07:46,声音很小
100004689445.0,5.0,2020-01-13 17:09:40,噪音不大不会影响睡眠
100004689445.0,5.0,2019-12-14 15:27:44,工作时很安静几乎听不见听到的外面的声音
100004689445.0,5.0,2019-10-18 16:58:43,很小
100004689445.0,5.0,2020-04-30 16:09:19,相信国货挺好
100004689445.0,5.0,2020-06-04 17:19:32,噪音小
100004689445.0,5.0,2019-12-20 19:37:48,还没用后期用了追评
100004689445.0,5.0,2020-04-22 20:32:00,很小
100004689445.0,5.0,2020-06-18 00:30:16,很小
100004689445.0,5.0,2020-04-11 10:33:50,很小
100004689445.0,5.0,2020-03-22 23:31:36,没有噪音很棒
100004689445.0,5.0,2020-05-04 19:01:40,很小父母很喜欢
100004689445.0,5.0,2020-06-17 17:46:00,噪音很小
100004689445.0,5.0,2020-06-25 20:04:20,声音很小
100004689445.0,5.0,2020-05-02 12:41:57,运行过程中没噪音不大
100004689445.0,5.0,2020-03-23 17:39:07,不算大声音小
100004689445.0,5.0,2020-05-30 09:04:02,噪音不大感觉比我现在家里用的林内还小一点
100004689445.0,5.0,2020-01-21 14:20:24,控制的还不错
100004689445.0,5.0,2019-12-07 14:37:11,噪音一半自清洁每次都得来一下这个声音略大
100004689445.0,4.0,2019-12-07 08:08:33,噪音和以前的款差不多还行吧
100004689445.0,5.0,2020-03-15 16:09:36,肯定会有声音还能接受吧
100004689445.0,5.0,2020-06-30 13:06:45,噪音小
100004689445.0,5.0,2019-12-03 12:59:22,较小
100004689445.0,5.0,2019-12-05 19:37:51,噪音比较小比原来的小多了
100004689445.0,5.0,2019-12-19 00:49:16,基本静音感觉不到
100004689445.0,5.0,2020-03-14 10:09:52,声音不是很大
100004689445.0,5.0,2020-02-28 14:43:21,没有很大的声音只是开的时候有一些呼呼的声音可以接受哦
100004689445.0,5.0,2020-04-11 17:34:29,噪音小
100004689445.0,5.0,2020-01-15 18:19:48,很小几乎没有
100004689445.0,5.0,2020-01-15 14:57:19,这个还能接受见视频
100004689445.0,5.0,2020-04-03 01:45:42,小而且机器外面不热
100004689445.0,5.0,2020-06-17 21:36:08,噪音小比老款好很多
100004689445.0,5.0,2019-11-28 16:26:52,运行过程中基本没有噪音运行声音可以接受关水后热水器因启动自洁发出的响声有点大
100004689445.0,5.0,2020-06-21 19:39:41,可以接受总知比我旧的要小声
100004689445.0,5.0,2020-06-05 02:46:03,静音运行无噪声
100004689445.0,5.0,2020-05-28 14:15:21,可以忽略
100004689445.0,5.0,2020-01-17 15:54:43,声音小
100004689445.0,5.0,2020-01-29 14:35:38,有点噪音
100004689445.0,5.0,2020-04-12 18:54:52,噪音很小基本上没有什么影响
100004689445.0,5.0,2020-03-06 07:43:08,比较小不过算不算安静
100004689445.0,5.0,2019-12-16 16:23:11,噪音比较小
100004689445.0,5.0,2020-06-04 18:38:16,点火无噪音不注意都不会发现
100004689445.0,5.0,2020-06-25 18:44:49,不算大
100004689445.0,5.0,2019-12-11 12:32:54,不大不小
100004689445.0,5.0,2020-07-11 21:25:22,还蛮小的
100004689445.0,5.0,2020-04-26 10:19:37,不大
100004689445.0,5.0,2020-01-29 08:54:42,有那么点但也不影响什么
100004689445.0,5.0,2019-10-26 09:35:48,噪音不大
100004689445.0,5.0,2020-06-26 16:03:54,声音小没有噪音
100004689445.0,5.0,2020-03-24 20:54:29,能够接受
100004689445.0,5.0,2019-12-15 21:12:10,噪音也比之前的机子小了很多在厨房正常使用几乎不怎么听得到吵的声音
100004689445.0,5.0,2019-12-30 20:23:39,正常吧家里空间比较小声音还是有的
100004689445.0,5.0,2019-10-20 17:47:50,噪音小几乎听不到点火的声音
100004689445.0,5.0,2019-11-21 14:21:42,没有噪音
100004689445.0,5.0,2019-12-17 21:52:50,点火及运行时与上一台机器比声音小多了待机也没有电流声之前看其他评价还有点担心待机的异响看来未
100004689445.0,5.0,2020-05-03 20:18:31,声音小的很
100004689445.0,5.0,2020-05-27 23:31:11,启动声音很小
100004689445.0,5.0,2019-10-27 21:08:28,声音小基本听不到
100004689445.0,5.0,2020-06-03 21:52:16,可以接受
100004689445.0,5.0,2019-11-20 13:24:46,很小
100004689445.0,5.0,2020-01-16 23:16:35,可以接受
100004689445.0,5.0,2020-01-16 22:53:14,噪声相当的小
100004689445.0,5.0,2019-11-13 16:05:29,不大
100004689445.0,5.0,2019-11-05 11:50:15,噪音小
100004689445.0,5.0,2020-04-03 21:19:11,个人感觉比宣传的58分贝还要低比我之前那个冷凝管的要低
100004689445.0,5.0,2020-05-02 17:04:51,很小
100004689445.0,5.0,2020-04-26 13:41:13,使用后再评论
100004689445.0,5.0,2020-05-04 13:32:47,比之前某和品牌的小可以接受
100004689445.0,5.0,2019-12-08 16:38:33,很小
100004689445.0,5.0,2020-07-13 19:56:10,在家里听不到声音散热声正常
100004689445.0,5.0,2020-04-24 19:36:58,声音大小在接受范围内有点声音
100004689445.0,5.0,2020-03-10 19:28:18,噪音也很小比之前的小太多
100004689445.0,5.0,2020-06-20 12:20:48,鼓风的声音但不大
100004689445.0,5.0,2020-01-22 19:25:30,安的位置比较远噪声可以接受
100004689445.0,5.0,2019-11-27 18:13:41,不错
100004689445.0,5.0,2020-07-14 10:07:00,用了再看吧目前还没通燃气
100004689445.0,5.0,2019-12-31 13:53:51,电源后待机声音大有电流声这个不满意
100004689445.0,5.0,2020-05-26 18:59:08,不大
100004689445.0,5.0,2019-10-27 14:31:46,可以接受
100004689445.0,5.0,2019-12-09 19:26:18,噪音小
100004689445.0,5.0,2020-03-31 23:17:07,噪音小
100004689445.0,5.0,2019-12-22 10:29:32,有嗡嗡音但是没有杂音
100004689445.0,5.0,2019-12-07 15:55:50,基本忽略
100004689445.0,5.0,2020-01-15 12:14:24,不大
100004689445.0,5.0,2019-10-31 11:01:55,不算大吧
100004689445.0,5.0,2019-12-15 15:14:52,可以
100004689445.0,5.0,2019-12-16 15:47:53,太大了
100004689445.0,5.0,2019-12-08 12:08:58,一般般还可以接受
100004689445.0,4.0,2020-05-14 08:26:29,有一点不影响
100004689445.0,5.0,2019-11-18 18:46:40,噪音小
100004689445.0,5.0,2019-12-19 00:53:00,可以接受
100004689445.0,5.0,2020-02-21 22:55:46,噪音不大
100004689445.0,5.0,2019-11-05 11:51:08,忽略不计
100004689445.0,5.0,2020-06-19 20:55:12,非常小很安静
100004689445.0,5.0,2020-06-03 16:24:54,可以
100004689445.0,5.0,2020-05-06 19:56:05,噪音很小
100004689445.0,5.0,2020-03-18 15:35:01,几乎可以忽略不记噪音很小
100004689445.0,5.0,2020-03-15 17:39:34,比较小打火声音小排风声音适中很满意比之前万和声音小很多
100004689445.0,5.0,2020-03-08 18:15:02,声音很小
100004689445.0,5.0,2020-01-12 13:30:37,噪音小静音
100011742712.0,5.0,2020-07-02 12:07:16,噪音很小的
100011742712.0,5.0,2020-06-06 19:36:07,虽然还没住进去安装上测试了一下效果很好声音很小没任何问题
100011742712.0,5.0,2020-05-09 19:47:33,没有啥噪音舒适
100011742712.0,5.0,2020-06-20 18:34:15,声音小
100011742712.0,5.0,2020-06-05 17:42:27,声音很小没什么噪音
100011742712.0,5.0,2020-06-25 15:04:01,没什么噪音很安静
100011742712.0,5.0,2020-04-19 16:28:54,声音很小因为离窗户较近开着窗几乎感觉不到什么噪音
100011742712.0,5.0,2020-04-08 12:31:37,安装在阳台的基本上没有噪音
100011742712.0,5.0,2020-06-21 07:03:15,噪音低
100011742712.0,5.0,2020-04-05 19:02:14,基本没有噪音安静舒适
100011742712.0,5.0,2020-05-03 18:58:59,没什么噪声海尔值得信赖我喜欢下次再买
100011742712.0,5.0,2020-06-22 15:32:39,噪音很小
100011742712.0,5.0,2020-07-01 16:33:50,比较静音
100011742712.0,5.0,2020-04-16 13:54:40,正常热水器噪音可以接受
100011742712.0,5.0,2020-06-13 16:39:47,燃气没通期待中
100011742712.0,5.0,2020-06-29 20:47:52,水器运作时声音很小
100011742712.0,5.0,2020-05-08 16:49:56,几乎没有什么噪音
100011742712.0,5.0,2020-06-14 19:26:23,声音大小适应
100011742712.0,5.0,2020-05-04 17:14:36,噪音不大可接受
100011742712.0,5.0,2020-05-13 21:29:25,工作中声音很小
100011742712.0,5.0,2020-06-22 18:11:55,噪音还是有的也不算太大跟以前的热水器差不多
100011742712.0,5.0,2020-06-24 13:56:36,还可以能接受不影响生活
100011742712.0,5.0,2020-05-27 09:35:39,未使用后期追评
100011742712.0,5.0,2020-06-30 22:53:55,没什么噪音安安静静的
100011742712.0,5.0,2020-06-09 09:22:27,开机用了一下感觉噪音比较小
100011742712.0,5.0,2020-06-16 15:25:20,安静
100011742712.0,5.0,2020-07-04 10:16:17,声音小
100011742712.0,5.0,2020-06-06 17:44:53,很小很满意
100011742712.0,5.0,2020-05-31 09:26:19,噪音不大非常好
100011742712.0,5.0,2020-06-28 17:36:41,暂时还没有使用后期会追加评论
100011742712.0,5.0,2020-07-01 19:17:52,基本无噪音很棒
100011742712.0,5.0,2020-06-05 18:10:50,声音很小
100011742712.0,5.0,2020-06-21 15:58:45,基本没有噪音运行顺畅
100011742712.0,5.0,2020-06-19 09:58:11,声音比我想象的要大
100011742712.0,5.0,2020-06-12 19:35:54,装在厨房几乎没有噪音
100011742712.0,5.0,2020-04-03 15:40:17,很小
100011742712.0,5.0,2020-06-29 10:42:53,没有噪音
100011742712.0,5.0,2020-06-20 17:01:20,没什么噪音
100011742712.0,5.0,2020-06-10 11:13:41,声音很小
100011742712.0,5.0,2020-06-17 15:25:16,声音很大按在厨房运转的时候基本客厅都能听见吧
100011742712.0,5.0,2020-06-24 12:59:25,声音很轻
100011742712.0,5.0,2020-05-13 19:50:12,非常低
100011742712.0,5.0,2020-05-17 21:53:03,测试了一下进出水声音很小很安静
100011742712.0,5.0,2020-06-03 15:48:17,没什么声音
100011742712.0,5.0,2020-07-05 13:11:00,噪音很小
100011742712.0,5.0,2020-07-06 08:22:29,噪音不大
100011742712.0,5.0,2020-06-05 21:55:51,试了下声音很小的
100011742712.0,5.0,2020-06-23 13:49:18,比较小
100011742712.0,5.0,2020-05-22 15:54:14,无噪音
100011742712.0,5.0,2020-04-25 18:05:45,还好可以接受
100011742712.0,5.0,2020-06-27 16:34:37,声音不大
100011742712.0,5.0,2020-06-03 19:12:21,无噪音
100011742712.0,5.0,2020-06-19 14:57:12,装在厨房的厨房以外基本听不见噪音
100011742712.0,5.0,2020-07-06 22:19:27,还可以可以接受
100011742712.0,5.0,2020-06-14 07:11:06,噪音大小目前不清楚房子还没装修完待安装后才知道情况
100011742712.0,5.0,2020-06-20 15:32:29,打开试了一下噪音不大正常热水器打开启动的声音
100011742712.0,5.0,2020-06-11 18:41:00,基本没有噪音
100011742712.0,5.0,2020-06-07 20:32:06,声不大
100011742712.0,5.0,2020-05-11 18:00:33,很小反正我能接受
100011742712.0,5.0,2020-06-22 15:03:22,运行噪音小基本上没啥声音很舒适
100011742712.0,5.0,2020-04-15 22:04:32,可接受
100011742712.0,5.0,2020-06-22 14:56:45,噪音不是很大可以接受
100011742712.0,5.0,2020-05-23 23:35:18,噪音很小
100011742712.0,5.0,2020-06-20 18:21:38,还没有测试
100011742712.0,5.0,2020-05-04 21:50:31,整体声音也比以前的声音小
100011742712.0,5.0,2020-05-24 11:39:24,超静
100011742712.0,5.0,2020-07-05 20:57:19,还可以
100011742712.0,5.0,2020-05-13 13:07:00,噪音很小
100011742712.0,5.0,2020-06-17 14:54:14,适中
100011742712.0,5.0,2020-06-12 17:18:20,声音很可以
100011742712.0,5.0,2020-07-05 16:05:30,噪音很小不影响休息
100011742712.0,5.0,2020-04-16 19:25:43,很小
100011742712.0,5.0,2020-06-20 12:30:04,还可以
100011742712.0,5.0,2020-03-31 20:54:00,很小
100011742712.0,5.0,2020-05-10 16:23:10,噪音很小启动声音也不大
100011742712.0,5.0,2020-07-13 14:35:19,什么噪音海尔大品牌
100011742712.0,5.0,2020-04-04 14:58:55,没有
100011742712.0,5.0,2020-06-29 19:55:51,噪音不大比老热水器好太多了
100011742712.0,5.0,2020-05-07 13:57:30,不算什么
100011742712.0,5.0,2020-07-03 14:20:26,不算大
100011742712.0,5.0,2020-03-30 17:05:38,很小
100011742712.0,5.0,2020-07-01 19:26:27,噪音很小
100011742712.0,5.0,2020-06-30 17:01:57,很好
100011742712.0,5.0,2020-06-22 13:35:38,噪音略大
100011742712.0,5.0,2020-04-28 11:00:22,声音可以接受
100011742712.0,5.0,2020-06-30 18:19:17,也是还没试
100011742712.0,5.0,2020-04-06 17:25:38,小非常安静
100011742712.0,5.0,2020-05-07 09:21:31,很小
100011742712.0,5.0,2020-06-18 21:44:52,期待中
100011742712.0,5.0,2020-06-16 21:05:00,很小
100011742712.0,5.0,2020-06-20 18:14:25,很小
100011742712.0,5.0,2020-04-13 11:41:00,非常小
100011742712.0,5.0,2020-07-02 11:26:56,很小
100011742712.0,5.0,2020-05-16 16:14:03,热水器工作中声音好小基本没有多大声音不用担心很吵
100011742712.0,5.0,2020-07-03 20:51:50,很小
100011742712.0,5.0,2020-06-28 11:13:32,可接受没什么噪音
100011742712.0,5.0,2020-06-21 15:52:44,特别小
100011742712.0,5.0,2020-07-04 21:16:10,声音不是很小强排的应该都是这样吧
100011742712.0,5.0,2020-05-25 17:59:23,可以接受噪音不是很大
100011742712.0,5.0,2020-06-29 10:41:40,噪音不大可以接受范围内
100011742712.0,5.0,2020-07-01 10:43:14,噪音小厨房门关上可以忽略不计
100011742712.0,5.0,2020-05-18 01:40:36,点火声音还可以不在热水器旁边基本听不出来
100011742712.0,5.0,2020-06-30 00:42:35,没啥噪音
100011742712.0,5.0,2020-04-04 17:36:56,一般有声音很正常啦
100011742712.0,5.0,2020-06-04 22:25:05,启动的时候有很大噪音正常工作的时候噪音不是很大能接受特别是在浴室里面很难听到厨房里面的声音
100011742712.0,5.0,2020-06-21 17:35:11,一般
100011742712.0,5.0,2020-07-08 16:32:04,较小
100011742712.0,5.0,2020-04-01 13:45:39,不大
100011742712.0,5.0,2020-06-10 15:06:20,声音有点大但还好可以接受
100011742712.0,5.0,2020-06-27 16:38:23,还行
100011742712.0,5.0,2020-06-30 07:52:44,没有一点噪音
100011742712.0,5.0,2020-07-05 15:50:23,可以接受
100011742712.0,5.0,2020-06-21 12:02:49,声音不大
100011742712.0,5.0,2020-04-09 23:09:02,不大
100011742712.0,5.0,2020-06-21 13:12:49,运行声音小
100011742712.0,5.0,2020-06-14 23:19:09,噪音一般
100011742712.0,5.0,2020-05-23 17:43:44,可以接受
100011742712.0,5.0,2020-05-02 15:11:57,因为里面有水泵和风机所以噪音一般
100011742712.0,5.0,2020-06-20 13:23:47,噪音很小可以忽略不计
100011742712.0,5.0,2020-06-27 10:46:01,噪声稍大不影响使用
100011742712.0,5.0,2020-03-29 15:07:59,测试了一下噪音不大
100011742712.0,5.0,2020-07-07 21:42:37,有点噪音可以接受
100011742712.0,5.0,2020-07-01 13:21:59,声音不大
100011742712.0,5.0,2020-06-23 20:45:46,没什么噪音
100011742712.0,5.0,2020-06-19 11:16:39,噪音小
100011742712.0,5.0,2020-06-15 11:30:24,合理噪音范围没有什么问题
100011742712.0,5.0,2020-07-05 12:20:42,机器工作时噪音有点大估计是风机叠加水泵的工作声音
100011742712.0,5.0,2020-06-04 11:48:52,能接受范围吧
100011742712.0,5.0,2020-06-11 08:26:48,噪音比较小
100011742712.0,5.0,2020-06-29 13:27:44,可以反正洗澡听不了厨房用也没关系
100011742712.0,5.0,2020-04-03 18:33:34,还没有安装使用后评价
100011742712.0,5.0,2020-07-04 17:24:15,可以接受
100011742712.0,5.0,2020-07-04 08:13:33,不大
100011742712.0,5.0,2020-03-28 12:30:25,安装在生活阳台所以能接受
100011742712.0,5.0,2020-06-19 21:59:30,嗓音小
100011742712.0,5.0,2020-07-01 10:58:57,噪音还可以接受
100011742712.0,5.0,2020-06-02 12:18:12,噪音小
100011742712.0,5.0,2020-06-13 18:29:06,启动声音不大
100011742712.0,5.0,2020-06-13 18:27:48,热水器工作声音很小
100011742712.0,5.0,2020-04-16 20:57:58,排风声音比较大可以接受
100011742712.0,5.0,2020-07-05 10:58:00,噪音可以接受
100011742712.0,5.0,2020-06-10 13:07:14,还行吧
100011742712.0,5.0,2020-06-05 06:03:37,不是很大
100011742712.0,5.0,2020-06-26 12:35:57,声音适中
100011742712.0,5.0,2020-04-24 12:23:03,大小正常能接受
100011742712.0,5.0,2020-06-20 23:32:21,噪音可以接受
100011742712.0,5.0,2020-05-05 15:14:20,声音不小挺大的
100011742712.0,5.0,2020-04-23 10:12:17,噪音比较小
100011742712.0,5.0,2020-06-15 23:42:49,还好装阳台上室内听不到声音
100011742712.0,5.0,2020-06-22 14:51:39,也行
100011742712.0,5.0,2020-07-01 09:27:15,够小基本可以忽略
100011742712.0,5.0,2020-06-19 13:51:56,待定
100011742712.0,5.0,2020-06-26 15:53:44,静音
100011742712.0,5.0,2020-07-14 13:52:55,噪音不大
100011742712.0,5.0,2020-06-20 19:02:53,正常不大
100011742712.0,5.0,2020-06-14 16:23:55,噪音小
100011742712.0,4.0,2020-06-03 23:10:59,一般
100011742712.0,5.0,2020-07-10 11:17:09,好的
100011742712.0,5.0,2020-06-24 11:50:52,噪音不大
100011742712.0,5.0,2020-06-06 20:38:44,未使用
100011742712.0,5.0,2020-04-09 23:14:37,正常范围
100011742712.0,5.0,2020-06-09 15:04:51,不是太大能接受
100011742712.0,5.0,2020-06-03 19:37:26,噪音小
100011742712.0,5.0,2020-07-08 19:54:39,有点大
100011742712.0,5.0,2020-05-09 23:43:38,较小
100011742712.0,5.0,2020-04-12 11:21:47,没得多少噪音
100011742712.0,5.0,2020-07-05 18:54:29,噪音控制的不错
100011742712.0,5.0,2020-05-27 13:10:49,可以
100011742712.0,5.0,2020-07-14 18:11:36,还可以接受
100011742712.0,5.0,2020-05-18 07:32:50,噪音有点大
100011742712.0,5.0,2020-05-21 11:41:16,厨房没有吊顶还没安装期待中
100011742712.0,5.0,2020-06-06 12:25:43,还没用
100011742712.0,5.0,2020-03-30 20:56:09,几乎听不到声音
100011742712.0,5.0,2020-03-30 17:35:09,声音很小在阳台屋内完全感受不到声音
100011742712.0,5.0,2020-07-14 21:44:19,还没安装待追评
100011742712.0,4.0,2020-05-18 19:20:27,还可以
100011742712.0,4.0,2020-07-06 19:39:31,噪音小
100011742712.0,5.0,2020-06-24 22:49:25,循环噪声比较大
100011742712.0,1.0,2020-05-28 13:18:33,不大
100011742712.0,5.0,2020-06-20 12:39:16,基本没有热水燃气声音比较小
100011742712.0,5.0,2020-06-08 16:47:04,声音很可以
100011742712.0,5.0,2020-04-22 19:20:17,热水器工作中声音好小基本没有多大声音不用担心很吵
100008185306.0,1.0,2019-12-14 10:23:07,次没有使用通电后不使用时电流嗡嗡声太响了海尔售后服务很好鉴定换机换机后问题一样可能是这型号机器问题吧只能退货换型号了
100008185306.0,5.0,2020-06-19 16:43:07,对比现在家里面的华帝来说真的小太多了可能是新机子的原因吧希望以后一直如新的一样
100008185306.0,5.0,2020-06-23 17:14:29,基本上听不到噪音
100008185306.0,5.0,2020-01-21 16:48:55,有点噪音不过能接受
100008185306.0,5.0,2020-01-18 21:07:37,噪音不算太大装在阳台基本听不到
100008185306.0,5.0,2020-05-16 14:43:26,没有想象的大很静音
100008185306.0,5.0,2020-06-16 17:43:45,噪音很小
100008185306.0,5.0,2020-06-24 21:56:51,声音不大外面听不到
100008185306.0,5.0,2020-05-09 14:38:41,嗓音比我之前买的牌子好多了声音很小
100008185306.0,5.0,2020-06-12 19:45:01,噪音比以前的低很多
100008185306.0,5.0,2020-06-05 15:09:41,小真的很小
100008185306.0,5.0,2020-06-18 16:35:54,非常静音最大声音是关闭强制散热声音也非常小
100008185306.0,5.0,2020-06-07 15:07:29,噪音小
100008185306.0,5.0,2020-03-26 21:29:33,杂音很小
100008185306.0,5.0,2020-01-01 12:52:00,很小
100008185306.0,5.0,2020-06-24 16:44:19,安装在厨房感觉可以接受
100008185306.0,5.0,2019-12-13 20:33:49,安装在厨房的声音很小
100008185306.0,5.0,2020-01-09 20:37:17,非常安静
100008185306.0,5.0,2020-07-05 11:44:14,噪音很小好用推荐还会推荐给其他同事朋友使用
100008185306.0,5.0,2019-10-03 12:05:51,非常小几乎听不到点火声
100008185306.0,5.0,2020-06-03 16:46:10,噪音还可以启动声音不扰人
100008185306.0,5.0,2020-07-05 08:08:50,基本没有声音很静音
100008185306.0,5.0,2020-06-30 13:57:45,没什么噪声
100008185306.0,5.0,2020-06-14 12:39:44,很小
100008185306.0,5.0,2020-06-20 16:23:40,很小的声音
100008185306.0,5.0,2020-03-30 15:39:49,声音很小点火的声音不仔细听都听不见
100008185306.0,5.0,2020-01-14 21:35:31,噪音很小开水时还得仔细听才知道在运行没有完全不影响任何事情
100008185306.0,5.0,2019-11-13 20:40:47,在屋子里几乎没有声音好安静的
100008185306.0,5.0,2020-07-01 20:47:07,噪音小
100008185306.0,5.0,2020-05-17 22:26:42,声音比较小在忍受范围内
100008185306.0,5.0,2020-06-20 13:28:55,不算大能接受
100008185306.0,5.0,2020-06-07 17:52:26,确实很安静厨房关住门基本听不见
100008185306.0,5.0,2019-10-26 22:00:20,工作时声音小无异响
100008185306.0,5.0,2020-03-01 21:13:51,启动声音比老款好太多安静不会有突然启动哒哒的声音
100008185306.0,5.0,2019-12-08 17:53:51,试用了一下噪音很小
100008185306.0,5.0,2020-01-05 14:44:30,声音非常小基本感觉不到
100008185306.0,5.0,2020-06-13 10:30:20,师傅说一般都是风扇声音
100008185306.0,5.0,2020-04-26 16:35:44,噪音没有
100008185306.0,5.0,2020-03-10 15:54:51,合理/
100008185306.0,5.0,2020-05-23 08:09:52,噪音很小在厨房刷碗也几乎感受不到
100008185306.0,5.0,2020-04-22 21:11:08,声音又小
100008185306.0,5.0,2020-01-30 21:08:26,声音很小值了
100008185306.0,5.0,2019-10-16 22:48:09,噪音小你以前老款小很多
100008185306.0,5.0,2019-12-20 16:20:07,噪音还可以接受
100008185306.0,5.0,2020-03-24 21:23:36,声音不大比较静音这个方面还是感受不太强烈因为厨房装着跟烟机比静音多了
100008185306.0,5.0,2020-06-27 21:32:17,声音很小很小洗澡的时候听不到
100008185306.0,5.0,2020-06-19 08:46:52,目前还不是很清楚噪音的具体情况
100008185306.0,5.0,2020-01-21 15:55:05,很小大爱
100008185306.0,5.0,2019-11-13 20:39:02,噪音小
100008185306.0,5.0,2020-04-28 14:53:18,还可以接受噪音不算很大
100008185306.0,5.0,2020-01-15 20:32:14,几乎没有
100008185306.0,5.0,2020-05-04 21:54:35,声音很小
100008185306.0,5.0,2020-04-07 17:43:13,噪音小几乎听不到
100008185306.0,5.0,2020-07-04 15:03:30,放在厨房影响不大
100008185306.0,5.0,2020-01-17 19:35:06,噪音很小都是在能接受的范围
100008185306.0,5.0,2019-12-19 21:25:40,没有哦很好
100008185306.0,5.0,2020-06-19 16:55:30,要等使用后再来评价
100008185306.0,5.0,2019-12-15 16:14:15,基本没声音点过时候会有一点声音
100008185306.0,5.0,2020-06-27 12:40:40,没听见
100008185306.0,5.0,2020-07-01 22:48:26,燃气声音很小这个基本可以忽略
100008185306.0,5.0,2020-05-02 19:24:45,噪音适中
100008185306.0,5.0,2020-06-20 16:32:51,很小基本没啥声音
100008185306.0,5.0,2019-11-26 14:26:55,噪音很小
100008185306.0,5.0,2020-04-16 17:24:23,还好声音不算太大在我们能接受的范围
100008185306.0,5.0,2019-10-12 14:17:53,噪音不错
100008185306.0,5.0,2019-11-21 19:40:18,声音也比较小
100008185306.0,5.0,2020-02-06 13:45:10,比支前用那台小声点
100008185306.0,5.0,2020-03-26 14:31:11,声音很小安静
100008185306.0,5.0,2020-06-10 18:41:19,声音比较小无影响
100008185306.0,5.0,2020-03-30 19:45:51,很安静
100008185306.0,5.0,2019-11-14 12:19:38,未知
100008185306.0,5.0,2020-05-14 19:25:09,没有噪音
100008185306.0,5.0,2019-12-01 17:48:00,评论里都说噪音不是很大应该还可以
100008185306.0,5.0,2020-07-02 09:52:40,噪音很小很安静
100008185306.0,5.0,2020-06-22 22:31:30,声音不大
100008185306.0,5.0,2019-11-19 00:57:58,噪音挺小的比原来租的那个好多了；
100008185306.0,5.0,2019-12-29 11:55:21,声音很小
100008185306.0,5.0,2019-11-07 20:46:05,没什么噪音很好比我原来的好多了
100008185306.0,5.0,2019-10-05 12:32:23,基本上没声音
100008185306.0,5.0,2020-05-08 12:37:51,噪音不大
100008185306.0,5.0,2019-11-08 09:50:36,声音小噪音低比较安静能接受
100008185306.0,5.0,2019-11-01 13:01:55,噪音很小放在厨房也不影响
100008185306.0,5.0,2019-11-16 13:57:31,噪音也不大安在厨房关上门外面基本听不到噪音
100008185306.0,5.0,2020-04-08 11:43:51,声音比原来的热水器小多了
100008185306.0,5.0,2020-04-17 21:38:40,声音很小几乎听不到
100008185306.0,5.0,2019-10-06 15:13:04,噪音很小
100008185306.0,5.0,2019-11-02 12:21:26,声音真的超级小好棒
100008185306.0,5.0,2020-06-19 17:42:40,很小几乎没有声音
100008185306.0,5.0,2019-10-03 18:34:20,噪音小
100008185306.0,5.0,2020-03-15 16:23:38,噪音很小可以忽略
100008185306.0,5.0,2019-11-25 15:12:37,噪音不大比之前那台坏了退货的噪音小很多
100008185306.0,5.0,2019-11-29 14:30:35,声音很小
100008185306.0,5.0,2020-05-10 13:39:20,一点噪音都没有很安静
100008185306.0,5.0,2020-07-04 20:24:06,噪声很小非常满意
100008185306.0,5.0,2020-07-02 09:29:45,没有声音
100008185306.0,5.0,2019-11-21 12:47:31,很小完全可以接受
100008185306.0,5.0,2020-01-05 12:28:35,噪音小不干扰休息
100008185306.0,5.0,2020-01-16 21:15:34,声音很小启没启动都感觉不到
100008185306.0,5.0,2019-11-19 23:24:57,非常小啊几乎感受不到哟
100008185306.0,5.0,2020-06-26 15:39:25,声音非常小
100008185306.0,5.0,2020-06-22 12:29:54,听不到噪音装在生活阳台上
100008185306.0,5.0,2020-02-29 16:48:54,声音很小可以忽略不计
100008185306.0,5.0,2020-05-09 08:44:08,声音很小
100008185306.0,5.0,2019-11-01 13:56:16,噪音很小
100008185306.0,5.0,2020-03-06 22:32:43,噪音很小白天几乎听不出来比之前的万和老热水器安静多了
100008185306.0,5.0,2019-11-02 16:26:00,比老的万和声音小多了
100008185306.0,5.0,2019-11-22 13:05:41,声音算小的
100008185306.0,5.0,2020-06-23 23:42:22,声音挺小的
100008185306.0,5.0,2019-11-03 20:32:46,很不错
100008185306.0,5.0,2020-05-12 08:59:04,噪音小使用时很小的声音
100008185306.0,5.0,2020-05-16 14:26:40,澡音不大可以接受
100008185306.0,5.0,2019-11-02 13:27:38,几乎听不到声音不工作的时候没声音
100008185306.0,5.0,2020-03-25 21:41:38,噪音比较小
100008185306.0,5.0,2019-11-09 15:30:36,噪音比我家以前用的要小很多
100008185306.0,5.0,2020-05-09 10:20:10,噪音很小
100008185306.0,5.0,2019-10-02 17:33:42,声音很小
100008185306.0,5.0,2020-06-17 16:28:33,噪音很小5米之外几乎听不到声音
100008185306.0,5.0,2019-11-17 16:35:19,很小
100008185306.0,5.0,2019-12-09 13:18:23,很安静运行
100008185306.0,5.0,2020-02-08 09:27:06,很小几乎可以忽略
100008185306.0,5.0,2019-10-11 17:37:32,很小很安静
100008185306.0,5.0,2019-12-23 21:41:02,风机噪音不大
100008185306.0,5.0,2019-10-07 12:02:30,声音很小比原来的老热水器强的太多太多了
100008185306.0,5.0,2020-06-25 10:25:13,几乎静音非常安静
100008185306.0,5.0,2019-10-26 18:02:07,噪音小
100008185306.0,5.0,2019-10-10 16:58:54,很小
100008185306.0,5.0,2019-12-17 10:53:39,还行可以接受
100008185306.0,5.0,2020-05-04 13:44:38,声音很小这个要点赞
100008185306.0,5.0,2020-07-12 15:54:26,还不错
100008185306.0,5.0,2020-01-03 14:24:50,声音小
100008185306.0,5.0,2019-12-25 12:26:14,噪音不大可以接受范围内啦
100008185306.0,5.0,2020-05-15 17:42:43,在可以接受的范围没有感到吵
100008185306.0,5.0,2020-06-10 12:51:40,噪音小操作方便
100008185306.0,5.0,2019-12-19 21:19:31,基本没什么噪音完美
100008185306.0,5.0,2020-06-03 18:59:57,噪音也完全超出预期感受声音比以前的产品小很多不知是产品质量过硬还是技术先进了
100008185306.0,5.0,2019-12-09 18:51:22,噪音很小完全可以忽略不计
100008185306.0,5.0,2019-10-13 11:24:07,声音比想象的小多了
100008185306.0,5.0,2020-06-03 21:12:50,不大
100008185306.0,5.0,2020-01-20 09:57:16,简直可以忽略
100008185306.0,5.0,2019-11-11 19:58:46,声音很小隔墙都听不到了
100008185306.0,5.0,2020-04-28 15:45:06,不是很大
100008185306.0,5.0,2019-11-04 17:37:41,噪音很小
100008185306.0,5.0,2019-11-18 10:00:55,还不错不大
100008185306.0,5.0,2019-11-03 19:32:11,还能接受噪音不大
100008185306.0,5.0,2020-06-19 14:58:12,没有噪音
100008185306.0,5.0,2019-12-09 12:00:22,打火的时候几乎听不到声音很小在客厅听不到
100008185306.0,5.0,2020-04-27 07:39:17,噪音非常小不注意都感觉不到
100008185306.0,5.0,2020-06-02 15:03:23,还没通燃气不清楚
100008185306.0,5.0,2020-01-05 23:22:06,几乎没什么声音
100008185306.0,5.0,2020-06-27 14:37:21,很小
100008185306.0,5.0,2019-11-14 14:44:34,声音大小满意不会有太大噪音用起来很方便
100008185306.0,5.0,2019-11-17 21:56:47,声音很小可以接受
100008185306.0,5.0,2020-06-19 20:38:37,还可以吧关上门并没有觉得很明显
100008185306.0,5.0,2019-12-03 16:40:08,装在厨房没感觉噪音大关上门什么听不到
100008185306.0,5.0,2019-10-04 07:32:47,几乎没什么声音
100008185306.0,5.0,2020-06-26 13:32:07,很小
100008185306.0,5.0,2020-04-24 21:12:20,声音非常小
100008185306.0,5.0,2020-05-01 19:14:59,很小不会让人厌烦
100008185306.0,5.0,2020-04-22 19:27:08,噪音很小
100008185306.0,5.0,2019-12-01 16:41:52,有一点点噪音完全可以接受
100008185306.0,5.0,2019-11-14 10:35:07,这款热水器加热声音很小基本没有影响
100008185306.0,5.0,2019-11-11 16:49:49,噪音正常范围可以接受
100008185306.0,5.0,2020-06-05 09:42:57,噪音小
100008185306.0,5.0,2020-01-17 19:55:53,几乎没有
100008185306.0,5.0,2020-01-13 16:55:04,噪音可以接受
100008185306.0,5.0,2020-06-20 21:52:07,运行时噪音很小隔3米以上就几乎听不见了
100008185306.0,5.0,2019-11-03 15:31:59,静音效果还不错能接受
100008185306.0,5.0,2020-05-21 22:19:47,噪音的话相对来说比较小但也还是有一点的嗯不过是在可以接受的范围之内
100008185306.0,5.0,2019-11-16 19:39:52,噪音很小可以接受
100008185306.0,5.0,2019-10-07 13:03:49,静音
100008185306.0,5.0,2020-04-19 16:21:04,噪音比之前的热水器小的多
100008185306.0,5.0,2020-06-12 18:31:34,声音超级小
100008185306.0,5.0,2020-04-19 20:49:20,噪音比较小
100008185306.0,5.0,2019-11-12 09:14:06,噪音非常小全触摸按键
100008185306.0,5.0,2020-01-14 13:33:02,噪音一点也不大比之前的声音小很多
100008185306.0,5.0,2020-06-08 17:35:25,声音很小基本上关上柜门不会听到什么声音从拖拉机换到这个很幸福
100008185306.0,5.0,2019-11-13 20:42:56,听安静
100008185306.0,5.0,2020-07-12 09:11:12,无噪音污染应该高大上好用干就完了
100008185306.0,5.0,2019-11-10 12:32:45,噪音正常范围可以接受
100008185306.0,5.0,2019-11-14 19:03:50,比以前的不知道高到哪里去了
100008185306.0,5.0,2019-12-02 14:49:40,静音几乎听不到
100008185306.0,5.0,2020-03-24 16:16:47,声音比较轻不大
100008185306.0,5.0,2019-11-03 13:37:46,不大
100008185306.0,5.0,2019-12-11 16:10:20,噪音小
100008185306.0,5.0,2019-11-25 12:29:53,声音小除了点火那下几乎没有感觉
100008185306.0,5.0,2019-11-11 12:20:33,声音很小
100008185306.0,5.0,2020-04-25 12:42:37,真的很静音
100008185306.0,5.0,2019-11-13 19:31:33,噪音是用过的噪音里比较小的了
100008185306.0,5.0,2019-10-05 15:27:08,噪音中等能接受
100008185306.0,5.0,2020-06-13 10:08:08,很安静比以前的安静太多了
100008185306.0,5.0,2019-10-10 20:48:17,声音不大
100008185306.0,5.0,2020-01-06 15:44:35,运行时声音很小
100008185306.0,5.0,2019-10-05 14:50:49,基本上没有噪音用的时候很舒心
100008185306.0,5.0,2019-12-12 11:46:40,声音很小
100008185306.0,5.0,2020-04-24 19:49:04,不大
100008185306.0,5.0,2020-05-12 14:59:58,中小舒适
100008185306.0,5.0,2019-12-22 18:06:14,没怎么听到声响希望能一直保持下去
100008185306.0,5.0,2020-04-22 10:33:09,采用变频风机非常安静
100008185306.0,5.0,2019-11-12 13:14:08,非常安静和以前用的那种完全两个概念非常好还能进行手机调温度
100008185306.0,5.0,2020-06-19 23:41:19,声音很小热水器价廉物美大品牌确实值得信赖好用不贵还会推荐亲友购买
100008185306.0,5.0,2019-11-29 22:11:47,声音还可以不大能接受
100008185306.0,5.0,2020-01-06 11:20:44,没什么噪音
100008185306.0,5.0,2019-12-13 13:13:05,声音小
100008185306.0,5.0,2019-11-26 14:44:05,还没接燃气暂时还没办法查看期待后续使用
100008185306.0,5.0,2019-11-02 21:05:42,听不着声音视频里的声音是马路上的车声超静音
100008185306.0,5.0,2020-01-15 20:40:48,几乎没有声音哦
100008185306.0,5.0,2019-11-01 18:33:23,没什么噪音
100008185306.0,5.0,2019-11-19 14:58:44,声音很小的哦基本听不到
100008185306.0,5.0,2020-01-20 15:29:16,噪音很小基本上没啥声音
100008185306.0,5.0,2020-05-08 20:43:21,噪音很小
100008185306.0,5.0,2020-01-16 10:10:14,噪音小
100008185306.0,5.0,2020-06-07 15:21:22,噪音小
100008185306.0,5.0,2019-11-08 09:14:56,噪音特别小
100008185306.0,5.0,2020-06-10 20:55:14,噪音很小可以看视频
100008185306.0,5.0,2019-12-25 13:43:33,基本无噪音
100008185306.0,5.0,2019-10-02 17:12:14,声音很小很安静
100008185306.0,5.0,2020-06-22 14:00:05,比较小待机无明显声音
100008185306.0,5.0,2019-11-30 20:09:43,很小基本没影响安装在厨房里的没有影响
100008185306.0,5.0,2019-11-12 14:35:23,噪音很小
100008185306.0,5.0,2019-11-30 22:14:53,噪音小
100008185306.0,5.0,2019-11-14 10:50:52,噪音不大声音非常小
100008185306.0,5.0,2020-03-28 16:53:39,很棒
100008185306.0,5.0,2020-04-26 11:33:43,噪音很小
100008185306.0,5.0,2019-11-24 10:54:43,比家里的就热水器静音太多了
100008185306.0,5.0,2019-10-14 18:58:24,噪声小非常小
100008185306.0,5.0,2019-11-26 06:47:26,声音也不大以后冬天可以在家好好美美的洗澡了hellip
100008185306.0,5.0,2019-11-08 15:10:35,静音
100008185306.0,5.0,2020-06-06 11:29:16,朋友说声音很小
100008185306.0,5.0,2020-03-12 15:16:20,在厨房噪音可接受
100008185306.0,5.0,2019-12-03 21:39:57,声音很小静音效果nice
100008185306.0,5.0,2020-03-25 13:44:17,噪音比以前的老热水器小了不少
100008185306.0,5.0,2019-10-10 08:38:22,声音小
100008185306.0,5.0,2020-01-25 12:02:36,不大比老机型好太多了外形美观大气香槟色恒温出水出水速度快声音很小不会影响休息耗能少加热快而且可以手机控制开关调节温度三档调节水温使用方便操作简便液晶显示屏很清晰安装的很好看着美观很专业
100008185306.0,5.0,2020-06-09 19:57:56,天然气还没接通呢等通了再试试
100008185306.0,5.0,2020-02-07 09:37:16,可能由于功率比较大噪音有点大但出水速度还是比较大的
100008185306.0,5.0,2020-04-18 20:07:02,空转试了一下感觉不算太大
100008185306.0,5.0,2020-01-22 15:47:03,都还好
100008185306.0,5.0,2019-11-07 12:50:20,声音真的很小
100008185306.0,5.0,2019-11-21 18:35:42,这是我见过噪音最小的热水器了
100008185306.0,5.0,2019-11-11 10:31:32,很小可以忽略不计
100008185306.0,5.0,2020-04-03 12:39:39,声音小
100008185306.0,5.0,2019-11-28 11:33:06,噪音很低与我之前那个相比几乎这个就没有
100008185306.0,5.0,2020-01-15 16:06:04,小基本没有
100008185306.0,5.0,2019-12-12 09:08:45,噪音小
100008185306.0,5.0,2020-03-06 21:41:23,静音效果很不错
100008185306.0,5.0,2019-10-28 22:33:22,噪音很小可忽略
100008185306.0,5.0,2019-10-20 11:37:02,可以接受
100008185306.0,5.0,2020-01-15 20:12:54,用了才知道
100008185306.0,5.0,2020-04-06 10:56:20,很小
100008185306.0,5.0,2020-04-10 13:09:00,声音还可以不是很大还是需要用段时间再看看
100008185306.0,5.0,2019-11-29 21:55:03,可以接受
100008185306.0,5.0,2019-11-02 11:18:06,相比之前老前锋热水器简直静了
100008185306.0,5.0,2019-10-13 20:46:06,声音不大
100008185306.0,5.0,2020-05-16 11:31:33,比一般的热水器要小很多
100008185306.0,5.0,2019-11-13 10:52:55,噪音不大拍了视频给大家听听噪音
100008185306.0,5.0,2020-06-14 11:57:49,不吵
100008185306.0,5.0,2020-06-08 15:46:06,还好
100008185306.0,5.0,2019-11-05 15:11:32,基本没有噪音跟以前的热水器比好太多
100008185306.0,5.0,2020-07-01 20:24:36,小的没感觉
100008185306.0,5.0,2019-11-19 16:01:45,很小
100008185306.0,5.0,2019-11-14 23:22:05,声音悄悄有点大而且自清洁模式好像关不掉
100008185306.0,5.0,2020-03-24 18:38:33,噪音挺小
100008185306.0,5.0,2019-12-15 21:03:33,根本没有什么声音
100008185306.0,5.0,2020-02-12 16:41:36,噪音比原来用的那个小多了
100008185306.0,5.0,2019-10-02 16:13:19,比之前美的燃气热水器强多了安静平稳
100008185306.0,5.0,2020-01-23 17:20:13,正常
100008185306.0,5.0,2019-10-12 21:20:00,噪音非常小
100008185306.0,5.0,2020-05-19 10:20:31,一般
100008185306.0,5.0,2019-12-13 23:51:31,能接受
100008185306.0,5.0,2019-11-09 16:52:14,监测中
100008185306.0,5.0,2019-11-09 17:16:27,很满意
100008185306.0,5.0,2020-06-21 17:59:50,可以接受
100008185306.0,5.0,2019-11-05 19:34:47,噪音很小基本听不到
100008185306.0,5.0,2019-12-22 10:24:46,还没有使用等使用了以后再看相信海尔的品质应该没问题
100008185306.0,5.0,2019-10-23 14:19:42,几乎没有什么声音对生活毫无影响不会影响睡眠
100008185306.0,5.0,2019-10-20 10:01:58,噪音很小
100008185306.0,5.0,2019-12-13 10:20:22,无噪音
100008185306.0,5.0,2019-11-10 13:05:34,没什么声音停安静的
100008185306.0,5.0,2020-07-03 14:27:07,噪音小
100008185306.0,5.0,2019-11-03 22:15:12,不大
100008185306.0,5.0,2019-11-03 16:35:15,噪音小
100008185306.0,5.0,2019-11-06 19:54:57,噪音很小真材实料重量摆在那里海尔也是老牌子了做工好京东快递也给力包装没有破损
100008185306.0,5.0,2020-07-06 15:29:12,很小
100008185306.0,5.0,2020-06-23 19:37:16,小个人觉得正常范围内
100008185306.0,5.0,2020-01-06 22:16:55,很小
100008185306.0,5.0,2019-11-04 22:33:55,很小
100008185306.0,5.0,2019-11-13 19:46:20,使用很安静
100008185306.0,5.0,2019-12-14 14:57:37,基本听不到任何声音
100008185306.0,5.0,2019-12-20 11:28:49,不大
100008185306.0,5.0,2019-10-13 14:39:45,声音很小
100008185306.0,5.0,2019-10-08 07:23:04,没有一点声音待机几乎不耗电其它的用用再看吧
100008185306.0,5.0,2020-01-15 11:23:23,很小
100008185306.0,5.0,2019-11-07 13:50:59,可以
100008185306.0,5.0,2020-06-09 15:13:43,很安静静音效果很好
100008185306.0,5.0,2019-11-02 15:00:33,很小
100008185306.0,5.0,2019-11-04 22:54:52,声音小
100008185306.0,5.0,2020-03-12 18:10:20,噪音超小最满意的一点
100008185306.0,5.0,2020-01-11 11:20:14,可以接受
100008185306.0,5.0,2019-10-12 21:42:17,噪音也不是太大
100008185306.0,5.0,2020-06-21 11:04:45,很低
100008185306.0,5.0,2020-07-10 22:56:03,很静音声音比较小
100008185306.0,5.0,2019-11-08 17:24:18,噪音很小
100008185306.0,5.0,2020-07-11 16:32:57,感觉很高大上的款式海尔是老牌子应该质量很好
100008185306.0,5.0,2020-04-13 14:54:39,噪音小
100008185306.0,5.0,2019-11-03 19:39:29,比较静音
100008185306.0,5.0,2020-04-18 12:07:12,一般
100008185306.0,5.0,2020-07-14 19:02:20,加热声音也不大
100008185306.0,5.0,2020-07-12 11:46:53,噪音小
100008185306.0,5.0,2020-07-12 10:18:07,噪音很小
100008185306.0,5.0,2020-07-12 10:18:07,噪音小
100008185306.0,5.0,2020-07-11 14:09:26,声音挺小的整体很棒
100008185306.0,5.0,2020-07-10 23:09:04,声音很小
100008185306.0,5.0,2020-07-10 21:54:10,能接受
100008185306.0,5.0,2020-07-10 10:03:11,在使用过程中并没有听到什么噪音
100008185306.0,5.0,2020-07-08 13:55:51,同上
100008185306.0,5.0,2020-07-07 19:00:31,声音非常小
100008185306.0,5.0,2020-07-06 00:00:46,噪音应该不大而且安装在生活阳台嘛稍大点也没啥影响
100008185306.0,5.0,2020-07-04 16:14:10,还没用
100008185306.0,5.0,2020-07-04 14:42:27,还未知
100008185306.0,5.0,2020-07-03 18:39:09,相对较小
100008185306.0,5.0,2020-07-02 17:11:50,正常噪音可以接受
100008185306.0,5.0,2020-07-02 16:04:21,还没有安装使用
100008185306.0,5.0,2020-07-01 23:23:20,烧水的时候基本没啥声烧完要排气有点声音
100008185306.0,5.0,2020-07-01 15:18:04,排烟的时候有些声音还可以接受
100008185306.0,5.0,2020-06-30 17:32:58,声音不大能接受
100008185306.0,5.0,2020-06-30 16:37:00,安装后再体验
100008185306.0,5.0,2020-06-30 11:59:17,通电后有一些小的噪音看评论好像是通病也不是很影响
100008185306.0,5.0,2020-06-27 23:36:24,未安装
100008185306.0,5.0,2020-06-27 17:09:22,几乎没有噪音完美
100008185306.0,5.0,2020-06-24 19:23:56,还没安装等到安装以后再评价
100008185306.0,5.0,2020-06-24 10:14:56,用过之后再评论
100008185306.0,5.0,2020-06-21 14:12:04,挺好
100008185306.0,5.0,2020-06-18 23:33:03,已经安装使用无噪声
100008185306.0,5.0,2020-06-18 14:55:09,噪音很小
100008185306.0,5.0,2020-06-16 12:34:23,噪音小
100008185306.0,5.0,2020-06-14 12:07:51,小可以忽略不计
100008185306.0,5.0,2020-06-12 17:05:03,不算太大有点声音还好至少你知道它在工作没有偷懒
100008185306.0,5.0,2020-06-11 17:07:30,声音不大
100008185306.0,5.0,2020-06-27 17:28:53,噪音较小几乎可以忽略
100008185306.0,5.0,2020-06-27 12:21:25,安装师傅试了下机器噪音比较小还可以
100008185306.0,5.0,2020-06-25 09:35:02,声音比较小有点翁翁声还不错
100008185306.0,5.0,2020-06-24 13:04:24,还行吧运行的时候有点声音关闭之后就没有了
100008185306.0,5.0,2020-06-22 10:33:30,很小
100008185306.0,5.0,2020-06-20 14:43:43,还没试机
100008185306.0,5.0,2020-06-18 16:41:04,还不是很清楚具体的噪音但是热气水都会有轻微的声音应该不影响使用
