product_id,score,comment_time,comment
100011323840.0,1.0,2020-06-01 15:25:47,非常大噪音
100011323840.0,5.0,2020-03-19 22:23:42,开机试用整体效果不错噪音小很满意
100011323840.0,5.0,2020-05-19 09:39:13,正常燃气燃烧的声音能接受
100011323840.0,5.0,2020-03-13 21:50:08,基本没有什么噪音很强大
100011323840.0,5.0,2020-05-24 15:49:53,可以接受正常
100011323840.0,5.0,2020-03-10 18:00:08,噪音也不大
100011323840.0,5.0,2020-03-15 20:09:42,没什么声音
100011323840.0,5.0,2020-06-09 20:51:49,噪音不是很小跟以前区别不大
100011323840.0,5.0,2020-03-22 18:10:42,噪音很小基本听不到
100011323840.0,5.0,2020-06-20 12:11:14,还能接受比以前坏的那个风机好多了
100011323840.0,5.0,2020-03-09 11:48:35,暂时未投入使用准备新房装修再安装
100011323840.0,5.0,2020-06-24 13:47:57,声音还可以接受
100011323840.0,5.0,2020-06-02 12:06:19,噪音可以接受
100011323840.0,5.0,2020-05-09 12:43:42,声音非常小很安静
100011323840.0,5.0,2020-03-26 20:55:58,能够接受
100011323840.0,5.0,2020-03-17 02:41:56,正常范围内
100011323840.0,5.0,2020-04-04 17:42:14,声音不大可接受
100011323840.0,5.0,2020-06-25 10:36:02,燃气热水器的噪音都有
100011323840.0,5.0,2020-04-10 15:19:58,没有噪音
100011323840.0,5.0,2020-03-29 17:20:11,非常小
100011323840.0,5.0,2020-07-07 12:53:43,声音不大卧室完全听不到
100011323840.0,5.0,2020-05-05 12:46:41,噪音还可以能接受范围
100011323840.0,5.0,2020-06-27 10:57:38,装室外听不到
100011323840.0,5.0,2020-05-24 08:43:13,目前还未觉得有噪音大的现象存在
100011323840.0,5.0,2020-03-15 10:54:28,适中
100011323840.0,5.0,2020-06-26 10:25:55,声音不大很不错很好用
100011323840.0,5.0,2020-06-08 16:46:38,声音小
100011323840.0,5.0,2020-06-25 11:27:32,很小
100011323840.0,5.0,2020-06-25 00:29:53,不算小也可以接受
100011323840.0,5.0,2020-06-02 12:49:27,噪音不大正常的声音大小
100011323840.0,5.0,2020-06-11 13:37:35,噪音非常小很省心也很好用app可以直接控制
100011323840.0,5.0,2020-06-23 22:24:38,能接受
100011323840.0,5.0,2020-03-16 10:25:02,不大正常
100011323840.0,5.0,2020-07-08 10:47:49,噪音不大在接受范围内
100011323840.0,5.0,2020-04-21 19:54:54,噪音是有的装厨房影响不大可以接受
100011323840.0,5.0,2020-04-27 19:00:08,能接受
100011323840.0,5.0,2020-06-21 18:48:13,还行
100011323840.0,5.0,2020-04-07 20:24:16,能接受的范围之类吧
100011323840.0,5.0,2020-06-05 15:56:51,有一点
100011323840.0,5.0,2020-03-16 17:06:24,很小
100011323840.0,5.0,2020-04-20 10:13:10,很小
100011323840.0,5.0,2020-03-11 20:21:25,还可以
100011323840.0,5.0,2020-07-10 10:59:42,很小
100011323840.0,5.0,2020-05-15 10:05:25,能接受
100011323840.0,5.0,2020-05-06 18:31:36,噪音挺小的可以接受
100011323840.0,5.0,2020-04-13 12:43:02,很小
100011323840.0,5.0,2020-05-15 18:09:35,声音还好能接受
100011323840.0,5.0,2020-05-29 10:46:52,暂未使用
100011323840.0,5.0,2020-05-19 10:53:22,不大不小
100011323840.0,5.0,2020-06-19 16:34:45,还未使用使用后再说
100011323840.0,5.0,2020-06-20 19:33:42,声音很小
100011323840.0,5.0,2020-04-19 21:49:34,可以接受还不算很大0冷水的时候有一些
100011323840.0,5.0,2020-05-27 15:14:56,非常满意
100011323840.0,5.0,2020-05-19 15:15:18,不知道怎么样老公试了一下说挺热的
100011323840.0,5.0,2020-06-05 12:33:22,最最重要的是噪音小
100011323840.0,5.0,2020-06-06 20:10:06,很小
100011323840.0,5.0,2020-04-28 14:54:25,非常满意噪音比较小挺安静的
100011323840.0,5.0,2020-06-21 12:02:20,东西质量非常好与卖家描述的完全一致非常满意真的很喜欢完全超出期望值发货速度非常快包装非常仔细严实物流公司服务态度很好运送速度很快很满意的一次购物
100011323840.0,5.0,2020-06-01 12:26:42,声音特别子
100011323840.0,5.0,2020-06-06 11:31:46,还没用还不知道
100011323840.0,5.0,2020-06-05 07:02:31,声音不算大可以接受
100011323840.0,5.0,2020-05-02 20:12:39,因为天然气还没有开通还不清楚用过后再评价
100011323840.0,5.0,2020-03-11 10:06:13,噪音基本可以忽略比以前的好太多
100011323840.0,5.0,2020-04-26 15:45:19,很小
100011323840.0,5.0,2020-06-21 13:05:42,噪音很小
100011323840.0,5.0,2020-06-04 13:17:26,声音小
100011323840.0,5.0,2020-06-21 09:10:29,可以接受
100011323840.0,5.0,2020-06-21 13:38:36,声音很小比之前用的小多了
100011323840.0,5.0,2020-06-21 17:24:01,噪音小
100011323840.0,5.0,2020-05-05 22:10:37,噪音很小
100011323840.0,5.0,2020-06-27 21:23:25,适中
100011323840.0,5.0,2020-05-08 11:22:56,很小
100011323840.0,5.0,2020-05-27 18:11:33,还不错
100011323840.0,5.0,2020-05-26 20:03:47,比以前的那个万要好
100011323840.0,5.0,2020-05-13 14:32:02,可以
100011323840.0,5.0,2020-04-15 11:54:46,几乎没有
100011323840.0,5.0,2020-07-08 22:09:44,不大
100011323840.0,5.0,2020-06-26 20:17:48,很小
100011323840.0,5.0,2020-04-26 18:21:40,很小
100011323840.0,5.0,2020-03-13 17:20:18,小同类产品中优秀
100011323840.0,5.0,2020-05-26 14:32:23,使用过程中噪音还好出水量大温度适宜确实不错
100011323840.0,5.0,2020-05-05 09:17:10,机器运转的时候有一点声音不过已经算小的了不影响
100011323840.0,5.0,2020-05-13 15:29:53,噪音很低可以接受比以前用的底很多
100011323840.0,5.0,2020-04-28 16:36:51,噪音也不算大可以接受
100011323840.0,4.0,2020-06-03 08:19:57,噪音很大比之前用的XX乐品牌的声音大很多
100011323840.0,5.0,2020-06-24 12:15:02,声音比较小
100011323840.0,5.0,2020-06-17 23:35:28,噪音还行吧可能涡轮动的时候会有点噪音
100011323840.0,5.0,2020-07-01 21:34:45,没有注意在阳台上房子里听不见噪音
100011323840.0,5.0,2020-05-06 14:20:44,还可以接受
100011323840.0,5.0,2020-03-08 19:34:25,声音有点大但是还是能接受的
100011323840.0,5.0,2020-03-26 15:04:15,声音可以接受不大
100011323840.0,5.0,2020-06-27 18:30:07,噪音还是有的不过做饭啥的声音也挺大这个就无所谓了
100011323840.0,5.0,2020-05-11 00:26:46,嗓音在可接受范围
100011323840.0,5.0,2020-06-29 21:18:07,噪音肯定是有的不过不严重吧做饭也差不多这个声音
100011323840.0,5.0,2020-04-10 11:03:03,声音不大
100011323840.0,5.0,2020-06-06 12:24:39,还没常用安装试用时放热水会有加热的声音白天能接受晚上可能会有点大美的算大牌了应该好吧
100011323840.0,5.0,2020-04-11 21:21:35,不是太大
100011323840.0,5.0,2020-06-06 16:28:37,噪音也不大机子没有抖动
100011323840.0,5.0,2020-06-23 16:57:38,还可以
100011323840.0,5.0,2020-06-28 22:02:40,声音到是很小
100011323840.0,5.0,2020-05-20 16:57:44,噪音稍微有些大最求完美者慎重选择
100011323840.0,5.0,2020-03-31 23:24:30,比之前老美的的热水器声音小
100011323840.0,5.0,2020-04-30 12:02:39,不小
100011323840.0,5.0,2020-07-09 09:46:20,声音有点大
100011323840.0,5.0,2020-07-04 18:39:32,还没通气没试
100011323840.0,5.0,2020-04-21 23:46:53,有点但是不影响
100011323840.0,5.0,2020-04-28 11:49:24,还行
100011323840.0,5.0,2020-07-05 18:24:30,还没试应该不错
100011323840.0,5.0,2020-06-15 18:26:05,声音较小
100011323840.0,5.0,2020-04-14 21:44:49,装在入户花园声音大小还行
100011323840.0,5.0,2020-06-18 15:07:07,噪音大
100011323840.0,5.0,2020-06-20 17:17:17,噪音少
100011323840.0,5.0,2020-06-18 15:18:04,可接受范围
100011323840.0,5.0,2020-04-19 09:12:09,有点大
100011323840.0,5.0,2020-04-25 14:08:55,噪音小
100011323840.0,5.0,2020-06-07 16:42:59,有点大
100011323840.0,5.0,2020-06-29 09:36:41,噪音小
100011323840.0,5.0,2020-05-02 21:09:02,呜呜的声音排气噪音
100011323840.0,5.0,2020-06-19 10:18:41,噪声不算太大
100011323840.0,5.0,2020-07-06 17:05:39,噪音小
100011323840.0,5.0,2020-07-08 11:04:49,正常噪音吧感觉要比以前的噪音小点但还是有噪音嗯
100011323840.0,5.0,2020-04-04 05:52:07,噪音不大在接受范围内
100006961267.0,5.0,2020-06-02 15:06:17,没有噪音
100006961267.0,5.0,2020-06-22 16:06:29,很小
100006961267.0,5.0,2020-07-09 12:11:25,噪音比旧的小了很多
100006961267.0,5.0,2020-06-07 22:01:05,不算大
100006961267.0,5.0,2020-07-05 19:23:41,比较低和普通燃气热水器差不多装在厨房无感比较满意
100006961267.0,5.0,2020-06-12 08:28:53,还没有使用使用过后会追加评价
100006961267.0,5.0,2020-06-10 12:48:33,还可以
100006961267.0,5.0,2020-07-02 10:03:00,完美
100006961267.0,5.0,2020-06-25 18:05:41,好的一米
100006961267.0,5.0,2020-05-20 16:50:14,动声音很小
100006961267.0,5.0,2020-07-04 13:35:27,不大
100006961267.0,5.0,2020-06-24 08:56:12,噪音小满意
100006961267.0,5.0,2020-05-18 11:35:47,很安静比原来的声音小多了启动完全不可闻
100006961267.0,5.0,2020-06-28 07:44:44,噪音比原来的好多了最起码没有啪啪的打火声音
100006961267.0,5.0,2020-05-06 21:41:40,噪音那更是没的说相比其他热水器噪音要小得多比我家的油烟机声音还要小得多做饭炒菜的时候几乎听不到热水器的声音
100006961267.0,5.0,2020-05-02 23:54:41,不大
100006961267.0,5.0,2020-06-18 13:04:06,声音有点大
100006961267.0,5.0,2020-05-27 15:34:12,声音挺小的还可以
100006961267.0,5.0,2020-05-30 13:29:46,同上应该不大
100006961267.0,5.0,2020-06-21 13:45:56,小有点点声音几乎可以忽略不计
100006961267.0,5.0,2020-06-06 13:57:29,满意
100006961267.0,5.0,2020-05-31 22:44:16,一般不会很大
100006961267.0,5.0,2020-07-05 16:09:41,不大
100006961267.0,5.0,2020-06-18 22:07:39,声音不是好大
100006961267.0,5.0,2020-06-18 00:16:21,声音不大
100006961267.0,5.0,2020-06-08 16:35:10,待观察
100006961267.0,5.0,2020-06-24 19:30:49,没听到
100006961267.0,5.0,2020-06-21 07:40:45,挺好的
100006961267.0,5.0,2020-07-04 11:50:10,还没有试
100006961267.0,5.0,2020-06-11 12:14:00,噪音还比较大
100006961267.0,5.0,2020-05-09 15:32:34,噪音不是很大
100006961267.0,5.0,2020-06-20 11:45:18,噪音适中
100006961267.0,5.0,2020-06-19 06:12:51,装室外噪音很小
100006961267.0,5.0,2020-06-14 11:32:43,机器静理想
100006961267.0,5.0,2020-06-10 23:54:23,噪音肯定是有的但是不是特别大接受范围
6723160.0,1.0,2019-12-03 22:18:20,点火的时候声音特别大比抽烟机声音还大安装服务收费太不合理了当时买的时候是零元安装结果发了块钱材料费这能叫零元安装吗京东是个大请消费者不要上当
6723160.0,1.0,2019-11-25 15:53:44,噪音大差评
6723160.0,3.0,2020-04-01 07:15:04,可以接受
6723160.0,3.0,2020-01-22 22:14:43,打火生意大
6723160.0,3.0,2020-01-04 13:17:51,噪音yiban
6723160.0,2.0,2019-12-17 10:33:50,因为燃气热水器装在厨房在浴室洗澡时听不到不评价
6723160.0,3.0,2019-12-12 22:03:25,声音不大
6723160.0,3.0,2019-11-21 19:28:46,噪音太大安装服务安装费用超出上限元
6723160.0,3.0,2019-11-18 08:02:26,一般跟原来的差不多吧
6723160.0,3.0,2019-11-04 20:51:07,噪音太大了好响啊上一个热水器就是因为噪音大才换的结果换了一个噪音更大的
6723160.0,2.0,2019-11-02 01:21:16,噪音是真的大比预想的大太多恒温效果很一般厨房或者另外一个卫生间开水明显的变冷最牛比的是这个降价双11还没有到直接降价块呵呵
6723160.0,3.0,2019-10-02 21:47:31,偏大
6723160.0,5.0,2019-12-21 14:22:03,噪音小
6723160.0,5.0,2020-06-25 15:41:21,不大算是静音能接受
6723160.0,5.0,2019-12-13 10:42:05,安静比原来的安静
6723160.0,5.0,2019-12-23 15:19:35,非常静音
6723160.0,5.0,2020-03-22 15:25:14,噪音很少非常安静
6723160.0,5.0,2019-11-03 22:13:52,噪音不大
6723160.0,5.0,2020-01-12 14:19:47,基本上没有什么噪音
6723160.0,5.0,2020-01-01 20:33:20,声音很小
6723160.0,5.0,2019-11-03 08:55:04,基本没什么噪音
6723160.0,5.0,2019-11-03 11:17:38,非常的静音
6723160.0,5.0,2020-06-19 18:39:07,几乎没有噪音发货非常快十八号订的十九号就到货了
6723160.0,5.0,2019-11-11 21:46:17,动时声音可以接受
6723160.0,5.0,2020-03-05 20:52:34,噪音小
6723160.0,5.0,2019-12-13 18:43:32,挺安静
6723160.0,5.0,2020-03-10 19:50:08,可以
6723160.0,5.0,2019-12-30 16:26:49,基本上没啥噪音挺满意的
6723160.0,5.0,2019-12-04 21:40:02,很小
6723160.0,5.0,2019-12-11 12:18:23,噪音不大不会引起特别的注意
6723160.0,5.0,2019-11-27 14:50:38,噪声很小很不错
6723160.0,5.0,2019-11-14 22:34:01,噪音很小
6723160.0,5.0,2019-11-13 11:20:50,噪音小可以接受
6723160.0,5.0,2019-12-22 20:06:57,无噪音
6723160.0,5.0,2019-12-28 17:32:46,基本噪音不大
6723160.0,5.0,2019-12-06 12:53:49,噪音不算大在自已能接受的范围
6723160.0,5.0,2020-02-21 20:45:46,噪音小分贝低与同类热水器比噪音小的多
6723160.0,5.0,2020-07-05 17:06:19,比以前的小一些会有一点轰轰的身影可以接受
6723160.0,5.0,2019-11-05 11:39:42,声音真不大
6723160.0,5.0,2020-04-05 13:54:28,噪音很小效果很好
6723160.0,5.0,2019-12-16 11:51:48,噪声不大还可以
6723160.0,5.0,2019-11-03 20:58:10,声音小开机一段时间以后几乎没有声音
6723160.0,5.0,2019-11-14 22:22:06,噪音很小不会影响正常生活
6723160.0,5.0,2020-06-18 17:14:24,我相信美的的热水器之前用的12升都没有噪音声音小装在阳台影响不到
6723160.0,5.0,2019-12-15 12:53:45,总体还行不大不小
6723160.0,5.0,2019-11-13 21:43:38,因为天然气还没有接通所以无法给出结论但是看各位网友的评论应该不错价格也合理比实体店要便宜
6723160.0,5.0,2019-11-04 21:08:08,噪音不大
6723160.0,5.0,2019-11-18 20:39:52,很小可以忽略
6723160.0,5.0,2020-05-30 15:03:28,无噪音挺好的～
6723160.0,5.0,2020-04-06 19:23:41,声音能接受
6723160.0,5.0,2020-01-19 10:19:57,噪音比我之前那个好很多基本上听不到声音
6723160.0,5.0,2020-01-01 08:13:49,噪音很小喜欢
6723160.0,5.0,2019-12-06 12:24:26,噪音小可以忽略
6723160.0,5.0,2019-12-22 21:54:55,噪音小
6723160.0,5.0,2020-01-06 11:36:56,不大机器在阳台上屋里听不到
6723160.0,5.0,2019-11-25 13:07:21,噪音很小哟
6723160.0,5.0,2019-11-13 16:49:22,噪音几乎没有
6723160.0,5.0,2020-05-04 10:33:28,噪音适中
6723160.0,5.0,2020-03-31 21:31:45,噪音还可以没没有感觉特别响
6723160.0,5.0,2019-12-02 20:39:57,噪音大小能接受燃气的多少肯定有声音很正常
6723160.0,5.0,2019-10-10 18:57:52,较小反正在厨房里
6723160.0,5.0,2020-06-25 09:56:44,试机的时候噪音很小后期使用再评价
6723160.0,5.0,2020-04-02 09:23:45,非常小
6723160.0,5.0,2019-11-16 18:19:05,基本声音很小
6723160.0,5.0,2019-11-07 17:30:23,噪音非常小
6723160.0,5.0,2019-12-18 19:19:10,很小
6723160.0,5.0,2019-11-13 20:05:00,试了一下声音很小噪音特别小挺好的
6723160.0,5.0,2019-11-03 22:54:19,很小
6723160.0,5.0,2020-04-08 21:08:24,不大
6723160.0,5.0,2019-11-10 09:48:10,几乎听不到声音
6723160.0,5.0,2019-11-10 19:34:05,无噪音
6723160.0,5.0,2019-10-20 09:40:01,声音很小比以前的轻多了好棒
6723160.0,5.0,2019-11-06 20:52:19,噪音不大和之前的比较这台太让人满意了
6723160.0,5.0,2020-02-22 23:59:07,声音稍大安装人员说因为买的升数大所以声音会大一点
6723160.0,5.0,2019-11-17 18:15:32,非常小
6723160.0,5.0,2019-11-03 10:20:50,有类风声在卫生间就很小
6723160.0,5.0,2019-12-15 17:49:23,还好
6723160.0,5.0,2019-12-07 22:16:39,声音很小
6723160.0,5.0,2019-11-22 18:22:01,噪音较小因为装在厨房外的小阳台基本听不到声音
6723160.0,5.0,2020-01-31 18:07:06,无噪音
6723160.0,5.0,2019-11-05 08:29:11,基本上没什么声音
6723160.0,5.0,2019-10-07 21:34:06,噪音小
6723160.0,5.0,2019-12-17 16:12:35,声音非常小
6723160.0,5.0,2019-10-10 13:37:01,很小
6723160.0,5.0,2019-12-21 11:41:35,噪音比较小比原来家里使用的好多了美的就是不一样
6723160.0,5.0,2019-11-23 15:07:41,基本没什么噪音
6723160.0,5.0,2019-12-09 11:51:37,几乎没噪音比之前我用13升的好多了
6723160.0,5.0,2019-10-19 20:00:34,声音很小
6723160.0,5.0,2019-12-17 11:43:27,比较小
6723160.0,5.0,2019-12-08 21:30:01,噪音大小完全影响不到
6723160.0,5.0,2019-10-02 14:38:19,比一般热水器小一点
6723160.0,5.0,2019-11-17 10:37:49,没有
6723160.0,5.0,2020-01-15 13:22:14,噪音不会太大能接受
6723160.0,5.0,2019-11-09 12:18:40,噪音不高比我以前用的小很多
6723160.0,5.0,2019-11-12 10:31:48,听说不大
6723160.0,5.0,2019-10-31 19:54:00,声音也小
6723160.0,5.0,2019-11-17 17:43:47,适中
6723160.0,5.0,2020-05-17 18:41:48,非常安静
6723160.0,5.0,2019-11-15 16:25:38,声音很小
6723160.0,5.0,2019-11-09 12:18:44,几乎没有什么噪音反正放在厨房里
6723160.0,5.0,2019-12-11 17:27:51,应该是没什么声音吧很好的
6723160.0,5.0,2019-12-07 12:18:41,噪音小非常适合
6723160.0,5.0,2019-12-27 10:49:05,可以接受范围内
6723160.0,5.0,2020-04-11 13:09:18,声音很小
6723160.0,5.0,2020-01-14 16:08:53,噪音也小
6723160.0,5.0,2020-05-25 21:13:08,能够接受
6723160.0,5.0,2020-03-15 14:46:59,声音不大可以接受
6723160.0,5.0,2019-11-18 12:25:25,没有
6723160.0,5.0,2019-12-06 12:42:56,不大
6723160.0,5.0,2020-02-29 16:34:28,能接受
6723160.0,5.0,2019-12-25 23:03:25,基本没噪音声音小
6723160.0,5.0,2019-11-14 12:09:24,非常小
6723160.0,5.0,2019-12-14 21:40:26,不大
6723160.0,5.0,2020-05-30 08:04:21,基本没有
6723160.0,5.0,2019-12-29 12:10:00,噪音很小基本上就没有
6723160.0,5.0,2020-01-15 14:42:41,没什么噪音用的很满意
6723160.0,5.0,2020-05-02 01:02:20,感觉不出有噪音
6723160.0,5.0,2020-02-27 14:42:02,非常小
6723160.0,5.0,2020-02-04 18:02:31,没什么噪音
6723160.0,5.0,2019-10-04 17:35:46,无噪音
6723160.0,5.0,2019-12-07 15:54:35,噪音控制挺好基本听不到
6723160.0,5.0,2020-01-03 13:17:03,很小
6723160.0,5.0,2019-11-20 18:19:07,可以接受
6723160.0,5.0,2019-12-17 11:56:16,噪音一般声音不会太大
6723160.0,5.0,2020-03-29 00:25:08,噪音超小
6723160.0,5.0,2019-12-28 09:47:48,噪音不大
6723160.0,5.0,2020-03-27 09:41:37,噪音也很小在外面装着
6723160.0,5.0,2020-06-20 15:45:43,没有
6723160.0,5.0,2020-07-06 18:22:18,噪音很小
6723160.0,5.0,2020-07-06 10:45:17,觉得噪音有点大师傅说正常
6723160.0,5.0,2020-07-05 15:00:52,噪音这一块试了试还行没多大的声音可以接受
6723160.0,5.0,2020-07-05 12:17:00,还没用
6723160.0,5.0,2020-07-03 20:22:24,基本没有噪音
6723160.0,5.0,2020-07-01 22:36:52,声音不大比原来的声音小
6723160.0,5.0,2020-06-30 23:31:22,比万家乐的噪音要小一些相对美的其他的可能差一点
6723160.0,5.0,2020-06-29 20:39:48,一般吧总会有声音难免的
6723160.0,5.0,2020-06-28 14:48:52,噪音小
6723160.0,5.0,2020-06-28 12:13:17,把耳朵凑到十厘米处才听到微小噪音
6723160.0,5.0,2020-06-28 08:00:59,噪音还可以接受毕竟洗澡的时候厨房没人
6723160.0,5.0,2020-06-27 14:33:01,很好
6723160.0,5.0,2020-06-26 12:03:59,没有噪音
6723160.0,5.0,2020-06-26 11:43:42,比较满意
6723160.0,5.0,2020-06-26 00:26:14,一般
6723160.0,5.0,2020-06-25 23:57:36,使用的时候噪音很小出了厨房就基本听不见声音了
6723160.0,5.0,2020-06-25 17:28:04,噪音还行
6723160.0,5.0,2020-06-25 14:34:21,刚开启噪音大能够接受
6723160.0,5.0,2020-06-25 11:16:09,还没试用
6723160.0,5.0,2020-06-25 09:37:57,声音小
6723160.0,5.0,2020-06-24 20:41:36,满意
6723160.0,5.0,2020-06-21 21:26:12,噪音小几乎听不到出热水速度快几乎不需要等待
6723160.0,5.0,2020-06-20 14:27:39,不错
6723160.0,5.0,2020-06-23 18:01:12,一般般热水器都差不多那样子
6723160.0,5.0,2020-06-22 14:36:49,声音不大没有不良影响
6723160.0,5.0,2020-06-21 22:12:20,可以接受
6723160.0,5.0,2020-06-07 12:38:00,使用后在追加评论
6723160.0,5.0,2020-06-05 14:48:52,品声音适中
6723160.0,5.0,2020-06-02 20:07:20,这个价位噪音效果可以接受
6723160.0,5.0,2020-05-26 13:42:08,满意
6723160.0,5.0,2020-05-22 21:29:40,噪音大小都可以接受很好
6723160.0,5.0,2020-05-22 10:02:07,噪音大小适中
6723160.0,5.0,2020-05-21 22:41:47,还没有通燃气不知道呢上门安装需要材料元等用了看效果吧
6723160.0,5.0,2020-05-19 16:24:12,噪音这块确实也不知道毕竟买回家后我们还没有用过
6723160.0,5.0,2020-05-09 09:29:14,声音非常小安静
6723160.0,5.0,2020-05-04 12:03:01,有点大
6723160.0,5.0,2020-05-03 12:39:36,还没用以后追加评论
6723160.0,5.0,2020-05-02 17:32:02,还行吧对比别人的有些感觉还行
6723160.0,5.0,2020-04-30 21:15:06,很大
6723160.0,5.0,2020-04-27 13:28:42,一般
6723160.0,5.0,2020-04-27 13:23:23,不算大
6723160.0,4.0,2020-04-25 13:26:55,声音有点大
6723160.0,5.0,2020-04-12 20:39:37,噪音很小比原来的声音小多了
6723160.0,5.0,2020-04-12 19:49:06,噪音不打大
6723160.0,5.0,2020-04-10 14:40:00,很小很好
6723160.0,5.0,2020-04-10 09:25:17,声音小
6723160.0,5.0,2020-04-03 12:14:11,声音蛮小的很不错
6723160.0,5.0,2020-03-21 15:40:26,一般在接受范围之内
6723160.0,5.0,2020-03-11 19:18:25,很小噪音很小
6723160.0,5.0,2020-03-10 20:26:50,很小基本上声音OK的
6723160.0,5.0,2020-03-09 20:44:10,轻微可以接受的响声
6723160.0,5.0,2020-03-09 12:56:57,可以
6723160.0,5.0,2020-02-23 13:42:49,还是有一点声音的但是在可以接受的范围内
6723160.0,5.0,2020-02-09 10:55:27,噪音很低
6723160.0,5.0,2020-02-06 22:11:37,开启状态声音较之前的小了很多
6723160.0,5.0,2020-02-05 15:10:17,声音小
6723160.0,5.0,2020-02-01 19:52:29,正常大小
6723160.0,5.0,2020-01-31 20:34:09,几乎没有噪音
6723160.0,5.0,2020-01-21 09:04:54,轰轰的火力很猛的等待几秒热水就来了
6723160.0,5.0,2020-01-18 15:13:17,噪音小在旁边的厨房听也没多大
6723160.0,5.0,2020-01-17 16:58:54,有噪音正常啊毕竟要排废气吗不然中毒不安全
6723160.0,5.0,2020-01-15 01:24:47,这个声音大小我能接受的范围
6723160.0,5.0,2020-01-10 16:12:59,声音大小还可以自己可以接受
6723160.0,5.0,2020-01-06 16:28:59,没啥声音
6723160.0,5.0,2020-01-05 22:38:11,工作噪音在可以接受的范围
6723160.0,5.0,2020-01-05 15:59:58,噪音也是完全升级的
6723160.0,5.0,2019-12-31 19:15:51,噪音不大之前在卫生间就能听到现在基本听不到了
100011596094.0,5.0,2020-06-26 12:57:49,不大
100011596094.0,5.0,2020-06-19 18:25:31,噪音比旧机器小了很多
100011596094.0,5.0,2020-06-19 19:20:27,噪音挺小的声音可以接受
100011596094.0,5.0,2020-06-20 16:37:42,可以接受
100011596094.0,5.0,2020-05-09 22:39:56,比较小
100011596094.0,5.0,2020-06-29 01:26:53,一般
100011596094.0,5.0,2020-05-10 15:17:30,可以
100011596094.0,5.0,2020-06-23 11:00:07,比较小
100011596094.0,5.0,2020-06-18 14:19:02,不知道
100011596094.0,5.0,2020-06-05 06:34:30,没安装
100011596094.0,5.0,2020-05-21 21:32:34,可以接受
100005217021.0,5.0,2020-01-06 21:41:57,噪音一般放在厨房没事
100005217021.0,5.0,2020-03-20 09:09:03,不大可以接受
100005217021.0,5.0,2019-12-28 23:55:24,噪声比老款小声音基本在接受范围内
100005217021.0,5.0,2019-11-24 17:38:06,没问题
100005217021.0,5.0,2019-11-27 20:36:10,可以
100005217021.0,5.0,2019-11-29 14:11:53,还行可以接受
100005217021.0,5.0,2019-12-11 19:43:52,噪音抑制还可以基本可以无视
100005217021.0,5.0,2020-01-18 17:59:53,轻微
100005217021.0,5.0,2019-12-05 17:44:06,能接受
100005217021.0,5.0,2020-03-27 23:05:51,工作声音有点大但可以接受
100005217021.0,5.0,2020-01-05 18:56:48,工作时声音还可以
100005217021.0,5.0,2019-12-21 10:22:17,有一丢丢
100005217021.0,5.0,2020-03-28 11:23:27,挺好看上去不错安装师傅服务态度很好卖家服务态度很好给力
100005217021.0,5.0,2020-01-13 19:49:55,有点大
100005217021.0,5.0,2020-06-09 22:42:36,很小
100005217021.0,5.0,2020-06-08 06:52:58,很小
100005217021.0,5.0,2020-02-09 22:19:27,非常小
100005217021.0,5.0,2020-03-27 22:03:28,合适
100005217021.0,5.0,2019-12-19 11:22:04,很小
100005217021.0,5.0,2020-01-04 15:25:08,不大完全可以接受的范围
100005217021.0,5.0,2019-12-03 19:59:50,声音一点点不大
100005217021.0,5.0,2019-12-06 18:31:29,噪音小开启时只有流水声
100005217021.0,5.0,2020-05-11 12:01:13,噪音不大
100005217021.0,5.0,2020-01-25 16:51:43,还未开始使用暂不知道
100005217021.0,5.0,2020-04-06 22:43:04,声音大小也可以个人感觉不能完全没有声音甚至小了也不行因为声音小了关了卫生间门洗澡就不会知道热水器打没打燃了
100005217021.0,5.0,2020-03-02 11:50:31,没听见声音
100005217021.0,5.0,2020-02-28 10:17:21,几乎无声
100005217021.0,5.0,2020-02-17 20:40:42,合理能接受
100005217021.0,5.0,2019-12-29 14:53:36,声音比我家之前用的要小多了
100005217021.0,5.0,2019-12-22 22:39:50,噪音挺大的个人感觉
100005217021.0,5.0,2019-12-06 11:59:45,还不错比我另一个房子里的另一个品牌的的好的不是一星半点
100005217021.0,5.0,2019-12-18 13:49:28,接受范围内基本没多大声音
100005217021.0,5.0,2020-03-23 19:19:56,声音有点使用的时候可以接受
100005217021.0,5.0,2020-04-09 15:03:55,噪音低
100005217021.0,5.0,2019-12-20 12:45:35,可以
100005217021.0,5.0,2020-03-03 12:44:13,不太大可以接受
100005217021.0,5.0,2020-03-31 21:24:30,声音蛮小的
100005217021.0,5.0,2020-05-01 09:30:56,不大
100005217021.0,5.0,2020-07-02 10:40:56,无噪音
100005217021.0,5.0,2020-03-06 23:28:44,能接受
100005217021.0,5.0,2020-02-16 21:59:15,噪声小
100005217021.0,5.0,2020-03-18 12:54:36,还行
100005217021.0,5.0,2020-01-21 15:57:56,一般
100005217021.0,5.0,2019-12-17 22:01:54,不错
100005217021.0,5.0,2020-01-14 22:35:16,可以
100005217021.0,5.0,2019-11-27 16:21:22,噪音还可以在可接受范围内
100005217021.0,5.0,2019-12-08 11:53:46,噪音小
100005217021.0,5.0,2020-03-17 09:30:28,室外没什么声音
100005217021.0,5.0,2020-03-25 21:02:53,声音很大
100005217021.0,5.0,2019-12-20 12:18:52,不知道这个声音大不大
100005217021.0,5.0,2020-01-15 21:08:48,特小耗能情况低功耗恒温效果安装服务自行安装外形外观漂亮出水速度快
100005217021.0,5.0,2020-01-28 17:55:15,可以很好
100005217021.0,5.0,2020-01-05 18:12:15,噪音小
100005217021.0,5.0,2020-01-04 22:42:31,启动时候会有燃烧的声音没有很大正常排气管的声音
100005217021.0,5.0,2019-12-05 18:19:10,噪音很小基本没有影响
100005217021.0,1.0,2020-02-29 13:28:24,希望大家不要买是个说说好评送刀具的年前说现在没有年后送现在说之前买的是调货的没有京东就是个希望大家不要在京东上吗
100006906796.0,5.0,2019-09-24 14:14:19,已经调试没噪音
100006906796.0,5.0,2019-11-09 21:56:55,噪音不大
100006906796.0,5.0,2019-11-25 20:33:29,声音和动静都很小这是我很满意的一点
100006906796.0,5.0,2019-11-21 15:17:09,比我家以前的那款安静多了
100006906796.0,5.0,2019-11-27 20:50:31,没有噪音
100006906796.0,5.0,2019-10-16 23:08:30,声音很轻
100006906796.0,5.0,2019-11-19 07:55:39,很小
100006906796.0,5.0,2020-01-27 19:22:02,静音效果很好
100006906796.0,5.0,2020-01-04 21:10:32,比之前的小很多
100006906796.0,5.0,2019-12-27 12:40:20,声音还不算大声音效果特别好
100006906796.0,5.0,2020-01-02 20:30:59,可以接受
100006906796.0,5.0,2019-11-11 16:46:54,听不到大噪音
100006906796.0,5.0,2019-12-10 15:58:29,还行比我出租房的设备声音小多了
100006906796.0,5.0,2020-06-07 22:40:19,声音还可以
100006906796.0,5.0,2020-05-25 20:02:47,16L的噪音还是比较大
100006906796.0,5.0,2020-03-17 12:53:40,觉得噪音适中正常的热水器声音几乎没影响
100006906796.0,5.0,2020-05-02 09:42:13,这个看个人还可以吧有声音
100006906796.0,4.0,2020-03-26 10:15:12,声音都点大但是可以接受
100006906796.0,5.0,2020-04-06 14:05:20,机器运行声音在可接受范围内比起老式机器噪音好多了
100006906796.0,5.0,2020-03-01 20:46:41,不大可以接受
100006906796.0,5.0,2020-05-28 20:22:51,还行不大
100006906796.0,5.0,2019-12-19 09:49:59,差不多
100006906796.0,5.0,2020-02-09 14:59:15,有点大
100006906796.0,5.0,2020-03-20 06:47:38,噪音小
100006906796.0,5.0,2020-03-05 08:27:37,不大
100006906796.0,5.0,2019-12-04 10:28:19,噪音略大
100006906796.0,5.0,2019-11-27 12:36:51,总感觉声音有点大安装师傅说是风声
100006906796.0,5.0,2020-05-05 18:21:04,整体运行平稳只有鼓风强排的声音
100006906796.0,5.0,2019-11-23 10:51:53,满意
100006906796.0,5.0,2019-11-06 13:29:33,声音特别小很好
100002419329.0,5.0,2019-10-01 15:54:59,噪音小
100002419329.0,5.0,2019-12-26 17:42:52,比较小
100002419329.0,5.0,2019-12-15 20:17:15,很小声不影响
100002419329.0,5.0,2020-01-09 15:22:37,加热有声音不算很大能接受
100002419329.0,5.0,2020-02-24 17:54:07,噪音不大还没有水声大
100002419329.0,5.0,2020-01-02 14:29:13,噪音很小
100002419329.0,5.0,2019-09-22 11:42:02,可以按受比同款类其他产品要表现的好
100002419329.0,5.0,2019-09-20 14:20:27,无太大噪声
100002419329.0,5.0,2019-12-16 19:31:07,用过不少牌子的燃气热水器有些风扇和燃烧时的声音确实很大但是这款机器不得不说运行声音真的很小
100002419329.0,5.0,2020-05-20 10:58:54,基本没有什么声音非常的安静
100002419329.0,5.0,2019-10-14 22:12:29,机器工作时声音很轻而且声音还很柔和
100002419329.0,5.0,2019-10-22 19:24:02,噪音很小的可以忽略不计
100002419329.0,5.0,2020-01-05 15:46:25,正常范围内
100002419329.0,5.0,2019-11-04 16:01:38,噪音小
100002419329.0,5.0,2019-09-28 20:58:00,声音还行不算大
100002419329.0,5.0,2019-12-12 20:40:26,安装在阳台上对日常生活没有任何噪音影响
100002419329.0,5.0,2020-01-12 20:40:06,安静基本没有声音
100002419329.0,5.0,2019-12-05 23:44:00,可接受
100002419329.0,5.0,2019-11-13 20:24:10,噪音可以接受
100002419329.0,5.0,2019-11-12 20:44:57,无噪音
100002419329.0,5.0,2019-10-07 17:39:34,噪音不在厨房听不见
100002419329.0,5.0,2019-11-11 12:55:39,不大
100002419329.0,5.0,2019-12-07 21:26:54,噪音小无噪音很好
100002419329.0,5.0,2019-12-15 10:39:54,噪音不大
100002419329.0,5.0,2019-11-16 18:44:11,很好
100002419329.0,5.0,2019-11-15 09:49:53,声音很小
100002419329.0,5.0,2019-10-15 12:34:26,听不到噪音
100002419329.0,5.0,2019-11-08 12:14:28,声音可以接受很小
100002419329.0,5.0,2019-12-21 17:39:02,噪音很小很不错的产品值得购买
100002419329.0,5.0,2020-03-21 12:39:33,可以
100002419329.0,5.0,2019-11-15 18:46:37,LED的触控显示屏特别有质感触摸时手感也很舒服调节时很灵敏操作简单老年人也能上手快字体清晰看得非常清楚底部有出水口燃气口进水口标的很清楚降低了安装的难度节能环保是这款燃气热水器最主要的也是最重要的特点
100002419329.0,5.0,2020-02-29 11:15:41,声音不大
100002419329.0,5.0,2019-11-23 09:21:14,基本没什么噪音这点特别好
100002419329.0,5.0,2020-05-12 18:39:01,噪声不大
100002419329.0,5.0,2019-11-06 12:17:40,声音很小
100002419329.0,5.0,2020-02-13 00:13:00,几乎没有什么噪音
100002419329.0,5.0,2020-05-20 07:37:33,噪音非常小
100002419329.0,5.0,2019-11-05 15:25:10,比较小
100002419329.0,5.0,2019-12-23 19:21:53,燃气还没通所以还没开始用应该在接受范围内
100002419329.0,5.0,2019-12-14 13:07:31,不大
100002419329.0,5.0,2019-11-06 21:10:05,还好
100002419329.0,5.0,2019-12-03 17:01:54,噪音小
100002419329.0,5.0,2020-06-04 09:43:54,比较小
100002419329.0,5.0,2020-01-22 18:49:47,声音挺小
100002419329.0,5.0,2019-10-31 15:08:27,可以
100002419329.0,5.0,2019-09-28 16:30:57,噪音很小
100002419329.0,5.0,2020-04-23 23:47:42,正常
100002419329.0,5.0,2020-06-25 11:15:24,不错
100002419329.0,5.0,2020-05-07 18:12:08,轻微风声
100002419329.0,5.0,2019-11-18 19:15:56,还行
100002419329.0,5.0,2020-05-07 22:53:50,能接受
100002419329.0,5.0,2019-10-05 21:01:13,觉得不是很大
100002419329.0,5.0,2019-10-28 11:33:26,噪音小
100002419329.0,5.0,2019-11-22 17:27:41,几乎没有声音
100002419329.0,5.0,2020-04-01 18:53:05,适中
100002419329.0,5.0,2019-12-25 15:33:52,噪音小不影响正常生活
100002419329.0,5.0,2019-11-01 20:42:14,体验不到噪音
100002419329.0,5.0,2019-11-02 14:30:30,声音还算静音不错
100002419329.0,5.0,2019-12-20 21:57:57,基本没有声音不会让人察觉到
100002419329.0,5.0,2019-10-28 11:33:09,声音非常的小点火的时候几乎听不到声音
100002419329.0,5.0,2019-12-25 16:13:44,比较安静
100002419329.0,5.0,2019-10-09 11:30:41,噪音不大放在设备平台噪音基本忽略
100002419329.0,5.0,2020-01-08 10:46:27,比较小
100002419329.0,5.0,2020-02-15 13:13:19,小能接受
100002419329.0,5.0,2020-04-26 15:38:45,声音还能接受比之前的热水器小一些
100002419329.0,5.0,2020-06-27 20:38:46,噪音可以接受不错
100002419329.0,5.0,2020-03-13 12:20:19,点火声音小使用时还没知
100002419329.0,5.0,2019-10-14 10:45:30,噪音还是小比较方便
100002419329.0,5.0,2019-12-28 21:58:23,噪音不是很大但还是有声音但是不影响正常使用我可以接受
100002419329.0,5.0,2020-06-25 19:37:01,比原来的小一些原来的用了好几年更换了
100002419329.0,5.0,2019-11-24 18:00:22,噪音比之前用的万和声音要小很多
100002419329.0,5.0,2019-12-16 22:16:52,声音还可以接受
100002419329.0,4.0,2020-02-25 09:58:21,能接受的范围
100002419329.0,5.0,2019-12-12 16:18:55,一般
100002419329.0,5.0,2019-10-23 22:24:18,比较小
100002419329.0,5.0,2019-11-29 13:02:58,噪音不算太大可以接受
100002419329.0,5.0,2020-01-20 21:08:12,不大
100002419329.0,5.0,2020-01-10 15:51:15,音还能接受比我的增压泵小多了
100002419329.0,5.0,2020-01-16 21:03:51,噪音也可以接受控制的也不错
100002419329.0,5.0,2020-06-18 14:13:42,不错
100002419329.0,5.0,2020-01-08 21:19:52,能接受
100002419329.0,5.0,2020-03-20 11:23:55,和预期想象的感觉稍微有点大
100002419329.0,5.0,2019-10-07 14:15:35,噪音小
100002419329.0,5.0,2020-05-14 15:39:36,合适
100002419329.0,5.0,2020-04-21 15:15:34,运行噪音正常
100002419329.0,5.0,2019-11-11 19:56:16,较小
100002419329.0,5.0,2020-01-09 12:21:59,可以接受
100002419329.0,5.0,2020-01-07 22:34:11,安静不太猛听得出来的
100002419329.0,5.0,2020-04-08 13:51:37,还可以接受
100002419329.0,5.0,2020-06-07 02:34:53,还能接受
100002419329.0,5.0,2019-12-16 10:32:06,噪音不大
28502078884.0,5.0,2019-12-26 18:48:34,可以接受
100007646337.0,5.0,2020-07-07 16:03:39,噪音很小
100007646337.0,5.0,2020-07-05 12:17:42,小声
100007646337.0,5.0,2020-07-04 10:19:35,声音不大
100007646337.0,5.0,2020-07-01 18:43:14,感觉还好待多使用一段时间后外补充
100007646337.0,5.0,2020-06-30 13:53:22,噪音很小比我那个老机器好太多了
100007646337.0,5.0,2020-06-28 17:05:11,有点噪音但是不大
100007646337.0,5.0,2020-06-28 07:11:22,基本听不到什么噪音贴近听才能发现原来已经开始运作了
100007646337.0,5.0,2020-06-28 00:19:32,挺小的可以忽略
100007646337.0,5.0,2020-06-27 20:00:45,安装好启动的声音和之前万和老机子的感觉一样好都是自己多年听到的感觉
100007646337.0,5.0,2020-06-27 12:55:40,一般
100007646337.0,5.0,2020-06-26 10:54:46,还行
100007646337.0,5.0,2020-06-24 18:55:09,可以忽略不计
100007646337.0,5.0,2020-06-24 06:25:02,很小
100007646337.0,5.0,2020-06-23 23:46:47,噪音比之前那个小太多了很满意
100007646337.0,3.0,2020-06-25 01:39:54,噪音和以前的比起来真心有点大特别抽气的声音肯定不止50分贝这个真心有点不满意不知道是不是个例不影响使用就那吧
100007646337.0,5.0,2020-06-21 21:38:59,貌似声音还有点大
100007646337.0,5.0,2020-06-21 08:47:14,没有噪音
100007646337.0,5.0,2020-06-20 13:52:15,可以
100007646337.0,5.0,2020-06-19 14:04:34,不大
100007646337.0,5.0,2020-06-19 12:10:35,没有什么噪音很满意
100007646337.0,5.0,2020-06-13 22:23:31,可以接受
100007646337.0,5.0,2020-06-08 23:09:27,可以接受关厨房门就好
100007646337.0,5.0,2020-06-06 19:42:43,噪音比较小
100007646337.0,5.0,2020-06-06 14:59:11,热水器还没有安装具体噪音有多大等用过了再来评价
100007646337.0,5.0,2020-04-28 13:15:18,较低
100007646337.0,5.0,2020-04-17 16:00:54,噪音音不大焰燃烧的声音还行
100011323812.0,5.0,2020-06-08 08:56:44,噪音真的可以接受评论里面要求那么高的不知道是啥标准
100011323812.0,5.0,2020-04-02 11:56:16,噪音也要等安装燃气后在评价
100011323812.0,5.0,2020-06-24 11:37:57,噪音很小
100011323812.0,5.0,2020-07-04 11:55:53,使用起来基本没有声音
100011323812.0,5.0,2020-07-10 17:00:31,没听见噪音
100011323812.0,5.0,2020-04-20 12:38:42,很安静
100011323812.0,5.0,2020-03-14 11:26:48,烧的时候挺大的
100011323812.0,5.0,2020-05-10 22:39:28,声音比以前机器小好多比较满意
100011323812.0,5.0,2020-04-24 17:28:22,非常小
100011323812.0,5.0,2020-05-19 10:54:35,可以接受
100011323812.0,5.0,2020-05-04 13:20:28,不大
100011323812.0,5.0,2020-05-13 14:59:59,还可以
100011323812.0,5.0,2020-06-16 10:56:34,一般
100011323812.0,5.0,2020-06-26 18:27:24,大小适中
100011323812.0,5.0,2020-07-08 13:49:36,一般
100011323812.0,5.0,2020-06-25 12:19:28,很小
100011323812.0,5.0,2020-05-21 12:15:52,噪音不是很大
100011323812.0,5.0,2020-06-26 12:57:48,很小
100011323812.0,5.0,2020-04-18 20:18:32,声音还可以不是很大
100011323812.0,5.0,2020-05-24 18:45:25,就像小声说话的声音
100011323812.0,5.0,2020-04-02 20:05:14,噪音方面还可以
100011323812.0,4.0,2020-06-29 19:37:04,噪音和正常人交谈差不多在可接受范围内
100011323812.0,5.0,2020-06-27 10:58:53,噪音不大可以接受
100011323812.0,5.0,2020-05-14 11:39:31,因为整体密封住了看不到燃烧室所以声音也比较小
69498135213.0,5.0,2020-06-26 15:55:25,噪音有一点不过安在外面没影响
69498135213.0,5.0,2020-07-07 09:51:34,还能接受挺安静的
69498135213.0,5.0,2020-06-23 17:40:38,非常小
69498135213.0,5.0,2020-07-09 18:40:37,很静音
69498135213.0,5.0,2020-06-04 15:01:05,噪音小
69498135213.0,5.0,2020-07-10 21:22:19,声音不大
69498135213.0,5.0,2020-07-07 16:27:36,声音小
69498135213.0,5.0,2020-07-05 22:52:22,不大
69498135213.0,5.0,2020-06-18 17:29:30,可接受
69498135213.0,5.0,2020-06-20 22:00:18,不大
69498135213.0,5.0,2020-07-04 16:30:33,很小的声音
69498135213.0,5.0,2020-06-11 09:09:37,很静音
100006759264.0,5.0,2020-06-27 10:08:20,装在厨房还未通水试过再评价想着不会差了
100006759264.0,5.0,2019-09-30 22:52:13,噪音在可接受范围
100006759264.0,5.0,2020-01-11 14:14:44,噪音不是很大能接受范围
100006759264.0,5.0,2019-10-09 20:53:50,噪音小
100006759264.0,5.0,2019-12-11 14:20:47,不会很大
100006759264.0,5.0,2019-10-03 19:09:05,噪音应该是OK的我的气还没通测试不了
100006759264.0,5.0,2019-12-14 00:33:36,噪音还可以能接受
100006759264.0,5.0,2019-12-02 19:55:31,声音还是有点的能接受
100006759264.0,5.0,2019-11-18 15:47:38,声音很小能接受
100006759264.0,5.0,2019-11-13 13:23:02,有点大
100006759264.0,5.0,2019-11-08 20:08:53,声音不好听不算大
100006759264.0,5.0,2020-04-15 21:25:18,噪音可以接受
100006759264.0,5.0,2019-11-11 19:32:54,还没安装装后追评
100006759264.0,5.0,2020-01-15 17:57:31,以后有需要还来京东喜欢
100006759264.0,5.0,2019-12-05 22:57:41,很小
100006759264.0,5.0,2020-05-06 22:42:46,很小
100006759264.0,5.0,2019-11-06 21:12:40,完全可以接受
100006759264.0,5.0,2019-09-27 12:27:03,无明显噪音可接受
100006759264.0,5.0,2020-04-21 17:57:34,噪音不大
100006759264.0,5.0,2019-10-16 08:30:57,还可以
100006759264.0,5.0,2020-06-02 06:00:49,基本上没有什么噪音
100006759264.0,5.0,2020-01-17 18:36:56,可以接受
100006759264.0,5.0,2020-05-18 06:41:32,噪音也很小
100006759264.0,5.0,2020-01-10 14:51:58,可以接受
100006759264.0,5.0,2019-12-04 09:51:36,满意
100006759264.0,5.0,2020-06-28 14:42:00,声音小
100006759264.0,5.0,2020-02-22 23:33:48,噪音正常的烧水声音
100006759264.0,5.0,2019-09-27 10:20:16,声音挺小的
100006759264.0,5.0,2019-10-25 09:37:49,有一点点但影响不大
100006759264.0,5.0,2020-03-28 13:51:06,杂声很小
100006759264.0,5.0,2020-04-02 20:47:37,噪音小
100006759264.0,5.0,2020-01-20 12:23:30,还可以
100006759264.0,5.0,2020-06-29 17:20:00,噪音很小
100006759264.0,5.0,2019-10-06 21:08:43,小到听不到声音
100006759264.0,5.0,2019-10-21 13:41:25,不大
100006759264.0,5.0,2019-11-28 13:05:56,声音不大
100006759264.0,5.0,2019-11-24 23:38:27,很安静
100006759264.0,5.0,2020-01-02 14:36:10,适中
100006759264.0,5.0,2019-11-15 17:39:40,很静音
100006759264.0,5.0,2019-10-27 20:53:10,均匀
100006759264.0,5.0,2020-05-05 15:31:50,噪音很小打水速度快暂时看着还不错用着很满意
100006759264.0,5.0,2019-12-17 21:54:40,很小
100006759264.0,5.0,2020-01-18 19:15:12,不大
100006759264.0,5.0,2020-06-27 17:21:27,可以
100006759264.0,5.0,2019-12-07 23:54:11,还可以能接受
100006759264.0,5.0,2019-12-04 18:20:54,噪音小很安静
100006759264.0,5.0,2020-05-29 13:00:09,很低
100006759264.0,5.0,2020-05-08 10:00:30,噪音小
100006759264.0,5.0,2020-07-04 10:59:19,没声音
100006759264.0,5.0,2020-01-11 12:58:07,挺小的
100006759264.0,5.0,2020-06-14 16:53:11,满意
100006759264.0,5.0,2019-10-08 13:06:34,很小
100006759264.0,5.0,2019-10-29 10:58:21,阔以
100006759264.0,5.0,2019-10-21 22:41:59,相当不错
100006759264.0,5.0,2019-12-11 16:20:04,挺小的
100006759264.0,5.0,2020-06-27 09:51:52,还能接受
100006759264.0,5.0,2020-01-15 17:57:37,噪音小
100006759264.0,5.0,2020-05-28 21:51:25,很小
100006759264.0,5.0,2019-11-16 18:25:02,一般
100006759264.0,5.0,2020-03-06 10:05:41,装在室外听不到澡音
100006759264.0,5.0,2020-05-26 15:41:13,很小
100006759264.0,5.0,2020-06-17 20:19:44,可以接受
100006759264.0,5.0,2020-07-04 08:21:43,不错
100006759264.0,5.0,2020-02-05 21:21:20,噪音稍微有点不影响
100006759264.0,5.0,2019-10-13 10:32:05,声音不算大而且装在厨房基本没什么影响
100006759264.0,5.0,2019-11-27 21:34:08,噪音小
100006759264.0,5.0,2020-02-20 14:52:32,在客厅没有听到什么声音
100006759264.0,5.0,2020-06-15 01:00:46,噪音很小美的的静音一直
100006759264.0,5.0,2019-10-28 18:06:48,基本能接收
100006759264.0,5.0,2020-01-12 22:30:58,感觉还是有点大的不过我家装在阳台没有影响
100006759264.0,5.0,2019-11-21 23:13:58,一般般吓不死哈哈
100006759264.0,5.0,2020-03-26 12:01:07,比较大
100006759264.0,5.0,2020-01-21 12:33:20,还行吧
100006759264.0,5.0,2019-12-16 14:10:28,安装在厨房不受噪音影响
100006759264.0,5.0,2019-12-03 18:21:30,正常声音
100006759264.0,5.0,2020-01-03 22:30:30,很小
100006759264.0,5.0,2020-01-06 09:56:49,没什么噪音哈
100006759264.0,5.0,2020-01-07 17:48:18,噪音不大可以接受
100006759264.0,5.0,2020-07-08 12:23:48,噪音小
100006759264.0,5.0,2019-10-09 18:54:15,反正在旁边感觉还不错
100006759264.0,5.0,2020-01-14 15:00:04,在阳台上没留意声音
100006759264.0,5.0,2020-07-05 21:14:08,比较满意
100006759264.0,5.0,2020-06-16 17:27:12,噪音小
100006759264.0,5.0,2020-05-13 15:54:39,小安静
100006759264.0,5.0,2019-12-25 13:57:33,噪音低
100006759264.0,5.0,2019-11-17 13:52:58,正常
100006759264.0,5.0,2020-04-01 17:54:09,声音小
100006759264.0,5.0,2019-10-21 14:26:15,声音小
100006759264.0,5.0,2020-02-23 06:14:54,挺大
100006759264.0,5.0,2020-06-25 17:17:16,没用呢
100006759264.0,5.0,2019-10-08 19:23:13,有点点大
100006759264.0,5.0,2020-02-28 14:57:14,声音较大其他都很满意
100006759264.0,5.0,2019-10-23 15:55:38,可以
100006759264.0,5.0,2020-06-01 23:30:36,可以
100006759264.0,5.0,2019-09-29 05:59:11,一般
100006759264.0,5.0,2020-01-08 12:39:53,噪音小能接受
100006759264.0,5.0,2020-01-12 18:10:59,声音有点大
100006759264.0,5.0,2020-04-26 00:12:33,声音小
100006759264.0,5.0,2019-11-18 00:17:28,一般般
100006759264.0,5.0,2019-10-21 11:47:55,很小
100006759264.0,5.0,2020-06-26 18:58:07,噪音很小不影响
100006759264.0,5.0,2020-02-15 12:38:48,正常热水器启动的声音可以接受
100006759264.0,5.0,2020-01-26 10:36:09,噪音很小全是比较安静的了
100006759264.0,5.0,2019-10-07 14:45:53,没有
100006759264.0,5.0,2019-12-22 23:45:54,基本上0噪音听不到加热的声音真心不错
100006759264.0,5.0,2019-11-30 22:16:46,噪音还可以就是水温不能恒定也不知道是不是有问题再观察一段时间
100006759264.0,5.0,2019-10-16 15:49:14,噪音很小的可以忽略不计
6863137.0,1.0,2020-01-28 22:04:35,噪音略大入手价现价格年货节反而更贵
6863137.0,1.0,2020-01-20 15:10:28,噪音太大了打开水龙头后火车就来了出水速度慢
6863137.0,1.0,2019-12-09 20:10:09,噪音特别的大
6863137.0,3.0,2020-01-20 14:23:14,有点偏大
6863137.0,3.0,2020-04-07 06:54:59,隆隆的声音
6863137.0,3.0,2020-04-05 18:58:54,声音有点大
6863137.0,3.0,2020-03-21 21:56:41,噪音不算小但能接受关水之后还会等一会才能停不知道算不算正常
6863137.0,3.0,2020-02-18 22:10:45,不大
6863137.0,3.0,2020-01-14 23:22:07,噪音有点大
6863137.0,5.0,2019-12-07 15:18:22,安静
6863137.0,5.0,2020-01-14 19:18:13,几乎无声
6863137.0,5.0,2020-01-12 12:24:48,比较小
6863137.0,5.0,2019-10-25 09:48:15,工作噪音不大分贝不高适合家用一般在阳台人在客厅听不到噪音
6863137.0,5.0,2019-11-18 20:51:42,不算大
6863137.0,5.0,2019-11-16 18:17:18,不大
6863137.0,5.0,2020-04-28 22:27:20,很小比原来旧的好多了
6863137.0,5.0,2019-11-12 10:26:52,噪音很小几乎没有什么影响
6863137.0,5.0,2020-04-03 20:46:47,可接受范围比较稳定
6863137.0,5.0,2020-01-03 12:36:34,不大
6863137.0,5.0,2019-10-23 08:30:21,几乎没有声音
6863137.0,5.0,2019-11-12 12:18:44,噪音很小
6863137.0,5.0,2019-11-19 14:44:46,噪音小喜欢
6863137.0,5.0,2020-04-19 13:27:17,声音很小
6863137.0,5.0,2020-05-18 15:32:46,很小
6863137.0,5.0,2020-03-11 11:21:58,一般
6863137.0,5.0,2020-04-12 10:59:47,不大
6863137.0,5.0,2020-04-26 07:59:33,还行
6863137.0,5.0,2019-11-28 04:50:21,声音小
6863137.0,5.0,2020-03-04 13:15:19,不大
6863137.0,5.0,2019-12-20 22:29:53,有点
6863137.0,5.0,2019-11-27 09:31:12,极度安静
6863137.0,5.0,2020-03-22 09:10:03,声音比较小
6863137.0,5.0,2019-11-13 23:06:16,基本很小
6863137.0,5.0,2019-11-29 18:57:51,不大
6863137.0,5.0,2020-04-14 22:16:28,轻微
67841537087.0,5.0,2020-06-28 18:28:46,没有什么噪音
67841537087.0,5.0,2020-05-05 14:21:59,正常声音大小
67841537087.0,5.0,2020-06-26 14:12:36,零冷水启用时候有点声音
67841537087.0,5.0,2020-06-27 19:43:48,噪音不大特别好
67841537087.0,5.0,2020-06-22 10:52:09,声音很小满意
67841537087.0,5.0,2020-06-20 13:17:09,噪音很小
100006869477.0,5.0,2020-07-02 20:58:28,挺好
100006869477.0,5.0,2020-06-09 10:45:53,声音很小几乎听不到
100006869477.0,5.0,2020-06-05 15:12:20,朋友的同款静音水平很好
100009238790.0,5.0,2020-01-12 18:04:53,不错
100009238790.0,5.0,2019-12-31 11:23:56,安装完后测试时声音尚可还可以接受
100009238790.0,5.0,2020-06-23 17:03:19,好像还行吧感觉有一点点大
100009238790.0,5.0,2020-05-27 13:38:08,没噪音
100009238790.0,5.0,2020-04-01 11:49:36,一般吧声音肯定有的可以接受的
100009238790.0,5.0,2020-01-23 06:21:06,很适合
100009238790.0,5.0,2020-06-10 17:43:22,基本没什么声音不存在噪音
100009238790.0,5.0,2020-05-30 11:53:07,还可以
100009238790.0,5.0,2020-06-26 19:50:31,还可以在可以接受范围内
100009238790.0,5.0,2020-01-02 11:18:19,噪音小
100009238790.0,5.0,2019-12-28 11:26:30,静音效果好
100009238790.0,5.0,2020-06-03 23:00:52,很小
100009238790.0,5.0,2020-01-21 16:02:34,噪音
100009238790.0,5.0,2020-04-11 07:37:09,偏小
100009238790.0,5.0,2020-05-20 14:46:43,能接受
100009238790.0,5.0,2020-06-17 21:49:50,安在生活阳台使用时不是很大声
100009238790.0,5.0,2020-04-19 14:13:05,完全不在话下
100009238790.0,5.0,2020-03-17 16:25:59,噪音很小几乎听不见什么声音
100009238790.0,5.0,2020-01-12 12:55:59,可以接受不大
100009238790.0,5.0,2020-01-18 19:10:57,声音也很小
100009238790.0,5.0,2020-07-10 13:51:44,噪音比之前的号很多
100009238790.0,5.0,2020-06-06 16:04:46,很小
100009238790.0,5.0,2020-05-22 15:03:04,装在厨房感觉声音不是很大
100009238790.0,5.0,2020-04-04 10:10:15,声音不大
100009238790.0,5.0,2019-12-31 14:08:39,几乎没有
100009238790.0,5.0,2019-12-08 11:58:31,噪音不大不过聒噪
100009238790.0,5.0,2020-06-02 17:06:46,可以接受
100009238790.0,5.0,2020-07-09 13:33:37,有点声音
100009238790.0,5.0,2020-06-15 10:09:17,还没开始用
100009238790.0,5.0,2020-04-29 18:26:05,很小声音
100009238790.0,5.0,2020-04-02 15:49:55,比老款的好很多
100009238790.0,5.0,2019-12-24 10:43:20,还没正式用试用了一下声音很小
100009238790.0,5.0,2020-01-21 22:14:54,有点大
100009238790.0,5.0,2020-06-10 11:22:30,还好
100009238790.0,5.0,2020-03-18 10:28:11,噪音小
100009238790.0,5.0,2020-06-25 10:39:09,很好
100009238790.0,5.0,2020-05-20 15:40:21,可以接受
100009238790.0,5.0,2020-01-05 21:20:25,不大
100009238790.0,5.0,2020-06-10 16:41:55,噪音很小
100009238790.0,5.0,2019-11-27 20:21:59,噪音挺大的比想象中的大之前装其它牌子的噪音不相上下
100009238790.0,5.0,2020-04-13 13:00:11,此款产品工作时噪音小几乎可忽略不计
100009238790.0,5.0,2020-02-19 11:24:13,声音一般吧燃气热水器都这样习惯了
100009238790.0,5.0,2020-01-02 12:42:58,噪音稍微有点大能接受
100009238790.0,5.0,2020-01-14 08:05:15,噪音也小排气声音有点大
100009238790.0,5.0,2020-04-13 19:38:44,水量大声音还是比较大不过能接受
100009238790.0,5.0,2020-04-30 10:10:21,可接受
100009238790.0,5.0,2020-01-03 14:46:38,噪音很小在厨房外面听不到
100009238790.0,5.0,2020-01-09 16:46:35,刚开始声音有点大过一会就好了
100009238790.0,5.0,2020-03-17 22:25:07,声音蛮小值得推荐
100009238790.0,5.0,2020-01-02 21:33:07,声音有点大
100009238790.0,5.0,2019-12-29 15:21:21,个人感觉还行吧
100009238790.0,5.0,2020-06-20 09:45:17,舒适温柔睡觉也无忧
100009238790.0,5.0,2020-03-13 09:17:57,一般能接受
100009238790.0,5.0,2020-01-21 07:24:54,不知总体感觉还可以
100009238790.0,5.0,2020-07-09 23:47:31,不大
100009238790.0,5.0,2020-01-06 14:28:02,声音还是有有点大不过还行；
100009238790.0,5.0,2020-02-27 19:07:15,有点大噪音
100009238790.0,5.0,2019-12-12 18:07:02,有一点
100009238790.0,5.0,2020-06-10 14:02:48,没有什么声音
100009238790.0,5.0,2020-04-28 10:11:45,适中
100009238790.0,5.0,2019-12-10 17:29:32,噪音小来水速度快
100009238790.0,5.0,2020-07-03 19:53:21,噪音低不大东西不错
100009238790.0,5.0,2019-12-26 22:36:46,就有点大
100009238790.0,5.0,2020-06-23 23:50:50,还好
100009238790.0,5.0,2020-05-04 09:30:06,满意
100009238790.0,5.0,2020-06-18 21:19:45,一般
100009238790.0,5.0,2020-05-04 09:14:23,一般
100009238790.0,5.0,2020-01-05 08:46:34,不大
100009238790.0,5.0,2020-04-07 18:34:10,没用不知道
100009238790.0,5.0,2020-04-01 18:06:09,声音很小
100009238790.0,5.0,2019-12-11 19:51:40,可以接受没有明显的火苗声基本就是排烟的声音
100009238790.0,5.0,2020-01-12 21:44:04,有点大
100009238790.0,5.0,2020-01-08 08:57:08,还行唯一一点就是刚买一天就显示有电动牙刷送了这是饥饿营销吗还没有补礼品的觉得有点亏还特意提前买的
100009238790.0,5.0,2020-05-29 00:09:47,噪音大开水龙头哄的一声
100009238790.0,4.0,2020-05-28 10:15:03,噪音太大
100009238790.0,4.0,2020-04-29 22:59:47,声音还是有一点点大能够接受恒温效果不能两个地方同时用热水啊同时用水压小了会变温的安装服务安装师傅还OK态度很好就是安装加了东西花了多出水速度看距离都差不多外形外观挺时尚的
100009238790.0,3.0,2020-03-10 16:38:42,噪音略大但可以接受
100009238790.0,5.0,2020-01-13 20:47:56,没有太大的声音真心不错推荐
100012534426.0,5.0,2020-06-10 17:45:53,声音很小比之前用的热水器静音至少一倍
100012534426.0,5.0,2020-06-14 17:00:12,很小
100012534426.0,5.0,2020-06-13 11:44:32,声音很小很小基本听不见热水器在工作
100012534426.0,5.0,2020-06-05 13:57:11,噪音很小
100012534426.0,5.0,2020-06-05 18:46:13,噪音可以接受
100012534426.0,5.0,2020-06-13 21:33:55,基本没啥噪音
100012534426.0,5.0,2020-06-06 16:39:23,声音很小
100012534426.0,5.0,2020-06-05 13:27:51,应该很低啊
100012534426.0,5.0,2020-07-04 20:21:19,有点噪声
100012534426.0,5.0,2020-06-01 19:34:45,还没有安装安装完再来评价哈
100012534426.0,5.0,2020-06-18 21:01:39,静音效果蛮好
100012534426.0,5.0,2020-06-03 11:45:59,关上阳台门基本听不见
100012534426.0,5.0,2020-06-04 16:31:45,非常小基本听不到
100012534426.0,5.0,2020-06-25 16:34:21,声音还好
100012534426.0,5.0,2020-06-06 07:26:22,能接受
100012534426.0,5.0,2020-06-12 12:51:36,很小
100012534426.0,5.0,2020-06-05 21:17:23,美的是大品牌相信应该控制的很好
100012534426.0,5.0,2020-06-04 10:17:28,待安装后在追评
100012534426.0,5.0,2020-07-05 16:00:35,不是很大能接受
100012534426.0,5.0,2020-06-23 21:48:26,使用时的声音还可以可以忽略
100012534426.0,5.0,2020-06-02 16:00:57,噪音不大
100012534426.0,5.0,2020-05-31 22:19:24,没什么噪音
100012534426.0,5.0,2020-06-23 10:35:22,开机后实际噪音确实较低
100012534426.0,5.0,2020-06-10 16:25:22,忽略不计
100012534426.0,5.0,2020-06-01 12:25:31,还未装期待效果
100012534426.0,5.0,2020-06-03 18:42:39,待使用
100012534426.0,5.0,2020-07-09 12:37:12,有点大
100012534426.0,5.0,2020-06-02 15:12:06,暂时还没用
100012534426.0,5.0,2020-06-03 11:56:16,还没使用使用了上追评
100012534426.0,5.0,2020-06-19 18:01:26,声音很小比家里以前的好多了
100012534426.0,5.0,2020-06-12 13:09:10,送货是京东安装是美的尾款付清后很快就跟我联系安装事宜送货可以送到家门口安装师傅准时上门过程没有多余推销特意用了几天再来评价真的很静音基本不会嘈杂热水出来得很快很舒服娃儿现在一天要吼洗几次澡
100012534426.0,5.0,2020-06-11 14:22:01,声音也很小很喜欢
100002329883.0,5.0,2020-06-09 11:05:57,很小
100002329883.0,5.0,2020-06-09 11:03:26,很小
100002329883.0,5.0,2020-01-21 19:48:05,没什么噪音
100002329883.0,5.0,2019-10-21 17:25:02,基本没什么噪音
100002329883.0,5.0,2019-11-09 11:02:07,噪音非常小
100002329883.0,5.0,2020-04-19 11:07:52,很静音
100002329883.0,5.0,2019-10-03 12:32:31,噪音还是有声音的
100002329883.0,5.0,2020-07-07 22:02:26,不大
100002329883.0,5.0,2020-05-13 17:05:15,噪音小
100002329883.0,5.0,2020-02-12 17:25:09,噪音大小适中
100002329883.0,5.0,2020-06-22 20:31:47,非常小
100002329883.0,5.0,2020-05-04 16:38:11,噪音小
100002329883.0,5.0,2019-12-03 18:16:53,噪音低
100002329883.0,5.0,2020-06-06 21:50:58,噪音小
100002329883.0,5.0,2020-04-13 23:03:44,很小
100002329883.0,5.0,2020-06-21 16:28:19,静音
100002329883.0,5.0,2020-04-20 13:41:28,噪音很小
100002329883.0,5.0,2020-01-04 14:10:30,没噪音
100002329883.0,5.0,2020-04-21 17:22:11,噪音不算大关上厨房阳台推拉门基本听不到声音
100002329883.0,5.0,2020-04-21 14:25:01,很好
100002329883.0,5.0,2020-07-09 09:31:26,噪音不算大关上厨房阳台推拉门基本听不到声音
100002329883.0,5.0,2020-05-30 16:12:27,没什么噪音
100002329883.0,5.0,2019-11-17 11:28:43,声音不是很大
100002329883.0,5.0,2020-05-25 17:58:12,不大
100002329883.0,5.0,2019-11-20 10:41:23,笼头关上后噪音大
100002329883.0,5.0,2020-01-07 16:03:25,声音较小
100002329883.0,5.0,2020-05-19 12:00:49,不大
100002329883.0,5.0,2019-12-31 10:42:18,很大
100002329883.0,5.0,2020-06-30 14:18:21,有动静就是好的
100002329883.0,5.0,2020-06-07 09:32:07,噪音不大
100002329883.0,5.0,2020-06-30 14:14:26,影响不大
100002329883.0,5.0,2020-05-26 06:57:47,声音小
100002329883.0,5.0,2019-11-13 08:51:32,中等
100002329883.0,5.0,2020-07-08 06:24:08,静音
100002329883.0,5.0,2020-05-30 16:17:51,噪音小
100002329883.0,5.0,2020-06-08 17:30:46,满意
100002329883.0,5.0,2019-12-04 21:17:52,满意
100002329883.0,5.0,2020-07-09 16:53:34,满意
100002329883.0,5.0,2020-06-08 17:26:08,满意
100002329883.0,5.0,2019-11-23 14:16:41,刚好
64813271572.0,5.0,2020-05-17 14:10:00,音小
64813271572.0,5.0,2020-06-02 22:49:56,声音小
64813271572.0,5.0,2020-06-02 19:48:22,基本没什么声音
64813271572.0,5.0,2020-05-17 10:59:08,噪音小
64813271572.0,5.0,2020-06-21 16:06:47,噪音挺小的跟我家几年前买的比实在小太多了
64813271572.0,5.0,2020-07-08 10:05:47,很小
64813271572.0,5.0,2020-07-02 21:06:19,还是比较不错的
64813271572.0,5.0,2020-06-21 12:53:35,没有
64813271572.0,5.0,2020-06-23 16:56:19,噪音小
64813271572.0,5.0,2020-06-20 16:37:40,非常小
64813271572.0,5.0,2020-04-09 15:23:47,声音不大
64813271572.0,5.0,2020-06-30 12:18:47,几乎无噪音
64813271572.0,5.0,2020-06-21 12:07:11,比较小
64813271572.0,5.0,2020-03-24 20:38:18,噪音小
64813271572.0,5.0,2020-07-03 11:40:45,声音很小
64813271572.0,5.0,2020-06-09 10:59:45,安在厨房人在客厅不注意听基本上听不到
64813271572.0,5.0,2020-06-11 19:29:12,有点意思
64813271572.0,5.0,2020-06-14 12:23:20,无噪音
64813271572.0,5.0,2020-07-07 10:31:30,很安静
64813271572.0,5.0,2020-06-18 16:06:55,可以
64813271572.0,5.0,2020-04-20 12:38:26,非常小
64813271572.0,5.0,2020-06-22 16:40:54,几乎没有噪音
64813271572.0,5.0,2020-06-07 18:11:02,比较安静
64813271572.0,5.0,2020-05-27 17:02:50,很好
64813271572.0,5.0,2020-07-08 19:03:25,比之前的小3倍左右
64813271572.0,5.0,2020-03-14 17:12:11,不大
64813271572.0,5.0,2020-06-24 13:24:23,正常机器运营声音
64813271572.0,5.0,2020-05-15 20:40:19,声音很安静
64813271572.0,5.0,2020-06-20 21:37:49,不怎么大
64813271572.0,5.0,2020-03-30 16:48:22,声音小
64813271572.0,5.0,2020-05-23 01:41:00,很小
64813271572.0,5.0,2020-04-10 19:07:21,基本静音
64813271572.0,5.0,2020-06-05 09:54:28,很小
64813271572.0,5.0,2020-06-02 09:50:29,还没开始使用
64813271572.0,5.0,2020-04-21 12:44:42,可以接受
64813271572.0,5.0,2020-06-30 17:57:07,基本没有好大的噪音能接受
64813271572.0,5.0,2020-04-09 20:43:23,声音小
64813271572.0,5.0,2020-06-07 14:04:06,不大
64813271572.0,5.0,2020-07-01 10:35:43,基本没有噪音
64813271572.0,5.0,2020-07-08 13:29:02,使用时几乎无噪音
64813271572.0,5.0,2020-06-27 12:44:35,隔着一层墙听不到的啊
64813271572.0,5.0,2020-06-22 16:51:42,热水器有一点点音噪相对比其它品牌小
64813271572.0,5.0,2020-06-17 17:01:14,正常声音
64813271572.0,5.0,2020-06-30 14:35:21,都是这种声响毕竟有风机
64813271572.0,5.0,2020-03-26 10:49:22,噪音不大
64813271572.0,5.0,2020-06-02 19:01:38,还没用用了在来追评
64813271572.0,5.0,2020-04-19 16:47:55,还能接受不错
64813271572.0,5.0,2020-06-20 11:16:58,噪音小
64813271572.0,5.0,2020-07-03 09:00:50,声音小
64813271572.0,5.0,2020-05-18 22:23:16,噪音小
64813271572.0,5.0,2020-06-23 14:17:00,有点点
64813271572.0,5.0,2020-03-18 14:54:14,噪音小
64813271572.0,5.0,2020-07-09 20:48:59,不大
64813271572.0,5.0,2020-05-15 11:16:27,噪音小
64813271572.0,5.0,2020-06-11 09:13:25,正常
64813271572.0,5.0,2020-06-21 09:00:56,还没使用
64813271572.0,5.0,2020-06-11 16:58:32,非常完美
64813271572.0,5.0,2020-06-21 11:51:03,都可以
64813271572.0,5.0,2020-06-22 18:30:49,开的40℃没有什么噪音等过几天开温度高一点看看效果
64813271572.0,3.0,2020-06-18 23:10:33,噪音大
64813271572.0,5.0,2020-06-17 00:00:46,基本没有声音启动的时候和运行中都是静音的这点很满意
64813271572.0,5.0,2020-06-14 08:34:48,噪音很小跟我家有之前那款美的的老款相比简直小太多了
100012719944.0,5.0,2020-05-29 10:29:09,噪音不大家庭使用很好
100012719944.0,5.0,2020-06-26 19:54:32,噪声很安静
100012719944.0,5.0,2020-06-26 19:51:57,声音很小
100012719944.0,5.0,2020-06-08 16:28:28,不大可接受
100012719944.0,5.0,2020-05-20 12:32:42,噪音很小
100012719944.0,5.0,2020-07-08 12:37:08,有大大噪音
100012719944.0,5.0,2020-07-11 17:17:47,噪音小
100012719944.0,5.0,2020-06-23 09:43:04,声音很小
100012719944.0,5.0,2020-05-20 19:33:29,还可以
100012719944.0,5.0,2020-06-29 13:23:55,噪音小
100012719944.0,5.0,2020-06-21 11:43:03,可以
100012719944.0,5.0,2020-05-15 13:38:37,声音小
100012719944.0,5.0,2020-05-15 15:51:26,有点大
100012719944.0,5.0,2020-06-21 10:45:26,很小
100012719944.0,5.0,2020-05-21 17:14:24,基本听不到声音
69286850470.0,5.0,2020-06-24 15:14:12,还好在可接受范围内
69286850470.0,5.0,2020-06-25 22:08:57,噪音很轻非常舒服
33728613764.0,5.0,2019-12-20 14:45:50,声音不大
33728613764.0,5.0,2019-11-28 11:01:00,相对以前的旧机
33728613764.0,5.0,2019-11-26 09:21:37,很小
33728613764.0,5.0,2020-01-05 16:29:48,噪音小很满意
33728613764.0,5.0,2019-12-11 08:54:36,没什么声音几乎静音
33728613764.0,5.0,2020-01-18 15:51:00,特别的安静比原来的壁挂炉强太多了
33728613764.0,5.0,2019-10-17 14:30:27,噪音不大
33728613764.0,5.0,2019-12-16 14:49:34,噪音很小哦
33728613764.0,5.0,2019-10-30 16:38:26,噪音很小
33728613764.0,5.0,2019-11-14 08:09:52,声音很小比之前德国牌子的那个好太多热水来的也快
33728613764.0,5.0,2019-10-16 20:06:03,几乎是静音的
33728613764.0,5.0,2019-12-15 18:21:11,噪音小
33728613764.0,5.0,2019-10-30 22:49:57,几乎听不到噪音很安静
33728613764.0,5.0,2019-12-17 14:54:56,几乎没什么噪音
33728613764.0,5.0,2019-10-18 17:36:17,完美
33728613764.0,5.0,2019-10-18 19:26:58,声音很小
33728613764.0,5.0,2019-11-09 15:19:49,基本上没有什么声音
33728613764.0,5.0,2019-10-11 19:28:22,可以
33728613764.0,5.0,2019-10-21 19:24:45,噪音小
33728613764.0,5.0,2019-11-28 08:41:17,很小
33728613764.0,5.0,2020-06-30 13:07:01,噪音小
33728613764.0,5.0,2020-04-26 22:56:52,噪音污染小且远离卧室安静；
33728613764.0,5.0,2019-12-28 18:27:45,没有噪音
33728613764.0,5.0,2019-11-22 09:23:31,有点大
33728613764.0,5.0,2019-11-24 10:40:50,基本听不到声音
33728613764.0,5.0,2019-11-17 10:19:06,不大
33728613764.0,5.0,2019-09-26 13:48:19,噪音低
33728613764.0,5.0,2019-11-12 10:21:51,还不错
33728613764.0,5.0,2019-12-08 09:16:06,真心不错挺好用的
33728613764.0,5.0,2019-12-05 19:24:25,噪音不大可以忽略
33728613764.0,5.0,2019-12-01 18:50:09,噪音太大合适
33728613764.0,5.0,2019-11-19 11:13:53,声音很小没有影响
33728613764.0,5.0,2019-11-08 11:31:11,噪音较小没有很大影响
33728613764.0,5.0,2019-11-07 18:41:48,噪音比较小
33728613764.0,5.0,2019-11-04 13:43:05,运行声音很小
33728613764.0,5.0,2019-11-02 16:38:17,噪音很小比我上一个要小很多在厨房几乎听不到声音客厅一点声音都听不到
33728613764.0,5.0,2019-10-23 15:38:49,噪音很小很小几乎听不到
33728613764.0,5.0,2019-10-21 21:09:15,声音不大可以接受
33728613764.0,5.0,2019-10-19 12:26:24,噪音很小
100001632189.0,5.0,2019-11-06 14:07:14,噪音很小静音效果不错
100001632189.0,5.0,2020-01-04 21:07:34,声音较小
100001632189.0,5.0,2019-10-24 13:11:03,声音不是很大值得购买
100001632189.0,5.0,2019-11-04 21:36:47,声音小
100001632189.0,5.0,2019-11-04 15:29:13,无明显噪音分贝低
100001632189.0,5.0,2019-10-25 17:13:56,比以前的小多了
100001632189.0,5.0,2019-11-06 10:24:11,点火的时候声音很小不仔细听听不出来
100001632189.0,5.0,2019-09-25 12:31:19,声音很小排风时间也短很不错
100001632189.0,5.0,2019-11-03 16:48:45,噪音小很好
100001632189.0,5.0,2019-10-14 19:38:56,基本没有什么噪音声音很小
100001632189.0,5.0,2019-11-18 15:25:10,可接受范围
100001632189.0,5.0,2019-11-02 17:53:09,声音可以接受
100001632189.0,5.0,2019-12-15 00:11:39,正常范围
100001632189.0,5.0,2020-04-13 23:21:03,目前还没通气还有带验证相信美的品牌日后再评
100001632189.0,5.0,2019-11-02 09:47:15,很小
100001632189.0,5.0,2019-12-23 15:14:26,噪音不大
100001632189.0,5.0,2020-04-23 08:03:24,感觉噪音很小用水时不认真听感觉不到有噪音的
100001632189.0,5.0,2019-11-14 15:42:03,排气强噪音小对二氧化碳排放安全可靠使用放心
100001632189.0,5.0,2019-11-04 13:15:56,很小
100001632189.0,5.0,2020-05-28 16:42:20,一般
100001632189.0,5.0,2020-06-04 22:54:01,比较好
100001632189.0,5.0,2019-11-03 15:19:49,在接受范围内
100001632189.0,5.0,2020-03-18 18:07:59,声音不大能接受
100001632189.0,5.0,2019-11-06 19:44:42,通电状态下有电流声但是不大正常使用时噪音在可以接受范围内
100001632189.0,5.0,2019-10-23 21:43:10,很小
100001632189.0,5.0,2019-11-14 09:15:36,声音还好
100001632189.0,5.0,2020-06-18 16:12:37,噪音不大能接受的范围
100001632189.0,5.0,2019-09-28 16:11:17,非常静音没有一点声音
100001632189.0,5.0,2019-11-26 10:29:53,基本没噪音
100001632189.0,5.0,2019-11-13 11:30:51,较小
100001632189.0,5.0,2019-10-16 22:19:21,噪音不大
100001632189.0,5.0,2020-05-12 22:52:04,噪音很小
100001632189.0,5.0,2020-03-04 14:01:20,噪音不大
100001632189.0,5.0,2019-12-17 14:56:12,还没使用
100001632189.0,5.0,2019-11-05 11:35:44,无噪音
100001632189.0,5.0,2019-11-17 18:51:46,适中
100001632189.0,5.0,2019-12-02 23:23:21,噪音很小
100001632189.0,5.0,2020-03-02 00:58:38,噪音不大还是可以接受的
100001632189.0,5.0,2019-10-12 10:35:56,声音的话也不是很大反正就是非常舒爽
100001632189.0,5.0,2019-12-12 19:57:32,噪音正常
100001632189.0,5.0,2019-10-11 11:31:12,无声用着很安静
100001632189.0,5.0,2019-09-20 20:01:31,一点点声音
100001632189.0,5.0,2019-11-12 20:59:04,噪音能接受
100001632189.0,5.0,2020-04-19 20:40:43,出水速度快
100001632189.0,5.0,2020-01-06 21:39:12,噪音低非常好用
100001632189.0,5.0,2020-01-16 20:46:16,噪声确实很小
100001632189.0,5.0,2019-10-17 13:20:30,可以接受
100001632189.0,5.0,2020-02-09 21:48:28,不算太大
100001632189.0,5.0,2020-06-12 16:06:31,合适
100001632189.0,5.0,2020-02-22 18:47:26,个人觉得噪音不大当然在厨房的话会大一些洗手间我是听不到啥声音
100001632189.0,5.0,2019-11-13 15:17:19,正常
100001632189.0,5.0,2019-11-15 11:17:09,没有什么燥音
100001632189.0,5.0,2019-11-25 10:16:43,噪音小
100001632189.0,5.0,2020-03-17 23:18:17,能接受
100001632189.0,5.0,2019-10-29 10:08:01,噪音比邻居家的小
100001632189.0,5.0,2020-06-17 20:45:03,适中
100001632189.0,5.0,2019-11-03 12:54:37,很小非常赞
100001632189.0,5.0,2020-01-04 22:50:47,声音小
100001632189.0,5.0,2019-10-16 21:44:01,噪音不大刚好合适
100001632189.0,5.0,2019-10-12 11:52:20,不大接受范围内
100001632189.0,5.0,2019-11-01 23:12:58,还没有安装不知道啊
100001632189.0,5.0,2019-12-11 11:03:04,控制的还不错
100001632189.0,5.0,2020-04-08 17:12:11,几乎无
100001632189.0,5.0,2019-11-13 21:45:38,噪音可以
100001632189.0,5.0,2019-11-17 12:43:40,几乎停不到
100001632189.0,5.0,2019-11-14 09:18:58,以后用了追加评价
100001632189.0,5.0,2019-12-21 14:02:38,可以接受
100001632189.0,5.0,2019-10-25 10:47:03,挺好
100001632189.0,5.0,2019-12-17 23:14:51,能接受
100001632189.0,5.0,2019-12-14 20:09:19,接受范围内
100001632189.0,5.0,2019-11-11 11:01:49,噪音很小
100001632189.0,5.0,2020-01-03 10:55:46,比以前的声音小很多
100001632189.0,5.0,2020-06-01 00:18:13,很好
100001632189.0,5.0,2019-12-19 15:32:45,很小
100001632189.0,5.0,2019-12-14 20:28:51,满意
100001632189.0,5.0,2020-06-20 14:43:48,还行
100001632189.0,5.0,2019-10-21 16:55:54,可接受范围
100001632189.0,5.0,2020-01-28 01:53:55,工作时声音很大
100001632189.0,5.0,2020-03-13 21:28:44,很小
100001632189.0,5.0,2020-04-23 10:40:37,不算大也不算小
100001632189.0,5.0,2020-05-26 18:26:01,声音很小
100001632189.0,5.0,2019-10-28 09:38:54,没什么噪音
100001632189.0,5.0,2019-10-23 11:48:16,跟往常买的来比噪音小
100001632189.0,5.0,2020-06-24 23:26:45,三颗星
100001632189.0,5.0,2019-11-04 08:42:49,工作时声音很小
100001632189.0,5.0,2020-03-04 12:06:55,噪音小
100001632189.0,5.0,2020-04-27 08:55:57,能接受
100001632189.0,5.0,2019-12-03 08:49:54,没什么噪音
100001632189.0,5.0,2019-09-22 23:16:07,很小
100001632189.0,5.0,2020-05-29 14:29:06,五星
100003168551.0,5.0,2019-11-12 12:46:21,噪音不大属于正常接受范围
100003168551.0,5.0,2019-10-08 20:30:48,噪音小
100003168551.0,5.0,2019-11-07 09:32:04,声音很小几乎静音
100003168551.0,5.0,2019-12-30 10:33:18,噪音小
100003168551.0,5.0,2019-10-09 14:37:49,很小我装在柜子里听不到
100003168551.0,5.0,2019-11-03 12:05:46,噪音不是很大可以接受
100003168551.0,5.0,2019-11-16 22:48:04,试用了一下感觉噪音还可以在接受范围内
100003168551.0,5.0,2019-10-08 09:24:21,用时噪音不大强抽排风在外面家里声音不会吵
100003168551.0,5.0,2019-10-04 16:44:25,噪音不大完全可以接受
100003168551.0,5.0,2019-11-15 08:45:11,超静音很安静
100003168551.0,5.0,2019-10-29 11:21:32,比较静音
100003168551.0,5.0,2019-11-11 12:49:33,声音不大能接受
100003168551.0,5.0,2019-10-09 18:44:05,无噪音
100003168551.0,5.0,2019-11-07 17:46:32,噪音小
100003168551.0,5.0,2019-10-04 21:46:35,还没试相信美的
100003168551.0,5.0,2019-11-17 21:42:34,噪音很小
100003168551.0,5.0,2019-12-19 13:50:59,能接受
100003168551.0,5.0,2019-10-14 21:25:15,还行可以接受
100003168551.0,5.0,2020-06-17 17:18:57,基本没声音
100003168551.0,5.0,2019-11-23 20:57:37,噪声小
100003168551.0,5.0,2019-11-11 00:51:34,声音很小
100003168551.0,5.0,2019-11-03 17:46:24,还没使用用后测评
100003168551.0,5.0,2019-11-07 23:51:11,没有以前用过的那种哒哒哒打火声音很温和
100003168551.0,5.0,2019-11-15 13:48:15,基本没啥声音
100003168551.0,5.0,2020-01-12 07:11:25,可以接受
100003168551.0,5.0,2019-11-02 19:48:47,现场试机噪音不是很大
100003168551.0,5.0,2019-12-17 21:10:25,开过机能接受的范围之内
100003168551.0,5.0,2019-12-04 12:49:19,噪音小
100003168551.0,5.0,2019-10-13 18:59:11,噪音小
100003168551.0,5.0,2019-09-25 15:19:51,声音可以接受
100003168551.0,5.0,2019-12-18 15:57:50,很小
100003168551.0,5.0,2019-10-26 15:23:49,基本不算噪音
100003168551.0,5.0,2020-01-18 10:11:11,不大
100003168551.0,5.0,2020-02-05 15:22:28,很轻
100003168551.0,5.0,2019-12-01 21:08:02,几乎听不到安装在了设备间对休息没任何影响
100003168551.0,5.0,2019-11-30 15:12:28,声音非常小可以忽略不计
100003168551.0,5.0,2019-12-13 23:49:02,没有噪音
100003168551.0,5.0,2019-10-11 15:49:11,比较小
100003168551.0,5.0,2020-06-29 17:21:04,噪音大小刚好
100003168551.0,5.0,2019-11-01 15:26:19,能接受
100003168551.0,5.0,2019-10-14 14:23:54,很小
100003168551.0,5.0,2019-11-18 16:58:12,噪音略大
100003168551.0,5.0,2019-12-02 20:58:01,很小
100003168551.0,5.0,2019-09-21 19:43:10,几乎没有
100003168551.0,5.0,2019-11-25 20:06:03,完美
100003168551.0,5.0,2019-11-12 13:26:58,很小
100003168551.0,5.0,2020-01-13 19:01:29,声音非常小值得拥有
100003168551.0,5.0,2020-05-03 13:04:17,还可以
100003168551.0,5.0,2020-01-07 20:54:15,噪音可以接受感觉水龙头水落到白钢水槽的声音几乎可以盖过噪音
100003168551.0,5.0,2019-11-03 12:18:22,没有什么噪音
100003168551.0,5.0,2019-11-08 18:34:38,噪音没测自动变升的16L的时候声音大点4L的时候声音小点再加上强排升压估计50分贝左右在热水器旁边能够感觉明显不过在浴室一点听不见
100003168551.0,5.0,2019-10-08 21:04:54,声音不算大还没正式使用试用了一下感觉挺好
100003168551.0,5.0,2019-12-14 10:36:09,声音不大
100003168551.0,5.0,2020-04-11 17:15:56,声音不大抽水泵声音也不大
100003168551.0,5.0,2019-09-20 17:05:43,还未使用美的值得信耐
100003168551.0,5.0,2019-10-27 11:12:10,还好在阳台外边
100003168551.0,5.0,2019-11-03 14:27:20,噪音尚可
100003168551.0,5.0,2020-05-11 09:03:45,噪音不大
100003168551.0,5.0,2019-09-21 12:35:47,声音较大
100003168551.0,5.0,2019-11-28 23:27:35,一般
100003168551.0,5.0,2019-12-11 18:52:43,声音不是太大
100003168551.0,5.0,2019-10-27 12:15:11,还没用感觉还可以
100003168551.0,5.0,2019-12-13 12:24:18,需要点火燃烧天然气热水器的通病吧一般
100003168551.0,5.0,2019-09-20 20:10:59,噪音小
100003168551.0,5.0,2019-11-24 10:55:37,一般
100003168551.0,5.0,2019-12-01 07:33:36,一般
100003168551.0,5.0,2019-12-23 19:10:17,噪音小
100003168551.0,5.0,2020-03-26 13:43:34,挺安静呀
100003168551.0,5.0,2019-12-17 07:28:39,还可以
100003168551.0,5.0,2020-05-22 18:58:34,噪音小体积小巧恒温效果好
100003168551.0,5.0,2019-11-12 20:03:54,一般
100003168551.0,5.0,2019-11-06 10:31:22,噪音很小
100003168551.0,5.0,2020-03-24 13:13:53,无噪音
100003168551.0,5.0,2019-12-28 21:15:21,试机感觉噪音还是有点大的
100003168551.0,5.0,2020-04-09 15:58:01,都还没有用不太清楚
100003168551.0,5.0,2019-12-14 17:16:42,没有噪音声音很小很小在厨房一点声音都听不到二楼更加没有声音好产品
100003168551.0,5.0,2019-12-04 23:12:01,噪音有点大外形外观外观很好恒温效果水温很好出水速度出水挺快安装服务很差很差每天都有不同的师傅联系我搞不清楚都是谁因为换机前后一共四个师师傅来过我们家根本不了解我们家安装环境也不想了解安装比较粗暴感觉不是很专业有些问题我先生都你能看出来提醒他们还不耐烦其中一个师傅更过分来之前我电话跟他确认时间和带烟管非常不耐烦来了之后进门不讲话不打招呼直接干活因为家里还有其他师傅在做事我们一开始都发蒙不明白怎么忽然多了一个人做事更是离谱带的烟管不合适还埋怨我们说他们很忙工具到处丢我的不锈钢台面被他的工具和乱放的烟管刮花我非常心疼也很生气现在就是后悔买这个产品为了一个块的热水器刮花我块的橱柜台面还因为烟管没带合适第二天又要再请假陪他们安装第二天又换了一个师傅还是不清楚之前的情况蛮干被我们制止了每个师傅都是急匆匆装完就要钱不知道我们是包安装的机器每次都因为这个耽误时间去核实我在想他们来之前难道不了解客户购买产品情况的吗这个管理实在太差了最最后悔买的一件产品戴眼镜的是我先生旁边的是师傅
100003168551.0,5.0,2019-11-26 13:42:30,比较静音
100003168551.0,5.0,2019-11-23 11:10:03,噪音还是有的比起其他的小很多
100003168551.0,5.0,2019-11-15 10:41:55,加热时风扇较响其余时间很安静
100003168551.0,5.0,2019-11-12 19:35:21,待机时候很静音开启的时候有点噪音但在可接受范围内
100003168551.0,5.0,2019-11-06 12:42:18,不太大
66879216254.0,5.0,2020-07-10 16:29:47,噪音不大
66879216254.0,5.0,2020-06-28 20:51:43,很小
66879216254.0,5.0,2020-05-26 22:43:52,噪音总体来说不错动静不是太大
66879216254.0,5.0,2020-06-16 16:11:39,装在厨房对室内无影响
66879216254.0,5.0,2020-06-23 23:05:15,可以接受的范围
66879216254.0,5.0,2020-06-09 15:29:14,还未使用
66879216254.0,5.0,2020-06-23 21:49:31,声音看安装环境一般情况可以接受
66879216254.0,5.0,2020-06-26 23:03:46,说是静音感觉比老式的噪音大太多了
66879216254.0,5.0,2020-06-27 14:27:03,水泵工作时的噪音尚可接受
66879216254.0,5.0,2020-05-04 06:56:29,还好跟之前的比好太多了
100002076059.0,1.0,2020-05-14 09:54:59,大的很美的客服真垃圾很的样子爱买不买真服了祝早日倒闭吧刚买到家里就便宜元想让退我元没同意要不退货妈的算我倒霉
100002076059.0,5.0,2019-11-03 12:03:10,声音很正常总之还是比较推荐的呢牌子货
100002076059.0,5.0,2019-11-02 10:36:18,基本没有什么声音在客厅几乎听不见
100002076059.0,5.0,2019-11-02 17:09:04,噪音大小可接受家人表示不明显
100002076059.0,5.0,2019-11-09 14:44:43,噪音也还可以不是很大
100002076059.0,5.0,2019-10-01 19:44:26,呼呼声不算大
100002076059.0,5.0,2020-02-24 08:59:50,噪音可在可接受范围
100002076059.0,5.0,2019-12-03 19:24:10,很小
100002076059.0,5.0,2019-09-28 12:45:44,感觉不到明显噪音
100002076059.0,5.0,2019-09-25 19:29:48,很小
100002076059.0,5.0,2019-11-01 23:27:53,声音很小比之间家里的好多了很好
100002076059.0,5.0,2019-10-06 18:01:55,基本没有什么噪声
100002076059.0,5.0,2020-01-07 20:38:54,没有什么声音还可以接受
100002076059.0,5.0,2019-11-03 10:32:43,噪音小运行声音小
100002076059.0,5.0,2019-09-22 09:59:27,噪音听不到
100002076059.0,5.0,2019-10-11 20:41:54,没有噪音
100002076059.0,5.0,2020-05-12 10:52:10,没什么噪音
100002076059.0,5.0,2019-12-31 11:50:00,噪音非常小完全不影响
100002076059.0,5.0,2020-01-13 10:30:41,声音非常小基本忽略
100002076059.0,5.0,2019-11-26 14:45:07,噪音不算大
100002076059.0,5.0,2019-10-23 09:14:17,噪音很低不注意听可以忽略
100002076059.0,5.0,2019-11-23 22:36:46,待评价
100002076059.0,5.0,2019-10-11 16:32:37,噪音不大有一点点在正常范围之内
100002076059.0,5.0,2019-12-14 20:19:37,很小
100002076059.0,5.0,2019-12-17 08:47:43,声控很好
100002076059.0,5.0,2019-09-28 19:48:42,不大
100002076059.0,5.0,2019-12-16 11:03:54,不大一般
100002076059.0,5.0,2020-04-27 20:03:03,噪音在常规范围
100002076059.0,5.0,2019-12-30 10:40:48,噪音小比之前的小多了
100002076059.0,5.0,2019-11-30 19:09:16,很小
100002076059.0,5.0,2020-01-02 15:46:58,声音很小无噪音
100002076059.0,5.0,2020-04-15 10:42:50,噪音不算很大可以接受主要没对比其他的
100002076059.0,5.0,2019-11-16 01:16:55,很静音
100002076059.0,5.0,2019-12-06 11:32:07,没有
100002076059.0,5.0,2020-06-06 18:09:38,噪音不大
100002076059.0,5.0,2019-11-05 22:11:48,电机声音和燃气加热声音都很小
100002076059.0,5.0,2020-05-13 21:52:02,没有什声音
100002076059.0,5.0,2019-11-16 16:04:06,很舒适
100002076059.0,5.0,2019-11-05 22:02:45,噪音还行
100002076059.0,5.0,2019-11-02 19:13:42,还行
100002076059.0,5.0,2019-11-08 15:07:16,优雅
100002076059.0,5.0,2020-03-26 19:17:30,声音有点点
100002076059.0,5.0,2019-10-29 10:01:24,没有很大噪音
100002076059.0,5.0,2020-05-23 16:14:16,非常好
100002076059.0,5.0,2019-10-12 20:21:45,噪音非常的小
100002076059.0,5.0,2020-05-11 12:54:36,几乎静音
100002076059.0,5.0,2019-11-01 11:03:05,基本听不到
100002076059.0,5.0,2019-11-11 07:52:57,噪音太大
100002076059.0,5.0,2020-05-20 08:47:24,声音不大
100002076059.0,5.0,2020-03-14 01:13:42,不大
100002076059.0,5.0,2019-10-23 18:50:35,静音
100002076059.0,5.0,2019-12-14 18:22:47,可以接受
100002076059.0,5.0,2020-03-07 21:47:24,还可以接受
100002076059.0,5.0,2020-03-10 20:25:50,很小
100002076059.0,5.0,2020-03-27 11:24:16,噪音小
100002076059.0,5.0,2019-12-28 00:22:22,基本听不见
100002076059.0,5.0,2020-03-04 07:28:10,非常满意
100002076059.0,5.0,2019-11-11 03:17:26,能接受的范围
100002076059.0,5.0,2020-01-17 14:14:38,好棒
100002076059.0,5.0,2019-09-29 00:01:35,声音小
100002076059.0,5.0,2019-11-08 00:20:06,暂时还没有用后期评论
100002076059.0,5.0,2020-04-03 18:23:47,可以接受
100002076059.0,5.0,2020-03-08 11:45:42,噪音很小比以前用的好多了
100002076059.0,5.0,2019-11-11 07:25:04,没有
100002076059.0,5.0,2019-12-17 09:53:40,还不错
100002076059.0,5.0,2019-11-25 14:21:19,噪音小
100002076059.0,5.0,2019-12-23 16:12:56,这个基本上肯定都是有点声音的完全静音不太现实可以接受
100002076059.0,5.0,2019-10-11 12:04:11,还能接受
100002076059.0,5.0,2020-05-27 14:37:22,声音还好吧能接受
100002076059.0,5.0,2019-12-23 17:05:05,可以接受基本没有声音
100002076059.0,5.0,2020-06-18 15:35:23,在烧水的时候会有声音但是也就是和冰箱运行声音差不多不是很大能接受
100002076059.0,5.0,2019-12-02 20:44:07,适当合理
100002076059.0,5.0,2020-03-24 14:52:48,暂时没有发现有噪音问题
100002076059.0,5.0,2020-06-19 16:39:18,比起过去的热水器声音小很多
100002076059.0,5.0,2020-01-29 13:28:47,一般能够接受
100002076059.0,5.0,2020-03-23 15:38:59,不大
100002076059.0,5.0,2019-12-08 22:18:49,噪音小除了里面的抽风有点声音出来基本是静音的
100002076059.0,5.0,2019-11-14 21:20:29,一般能接受范围
100002076059.0,5.0,2019-09-26 17:33:09,无噪音污染
100002076059.0,5.0,2019-11-04 17:40:33,不大
100002076059.0,5.0,2020-06-20 23:44:17,几乎没什么感觉
100002076059.0,5.0,2020-05-23 12:31:16,噪音还是很小的
100002076059.0,5.0,2019-12-16 22:32:15,可接受
100002076059.0,5.0,2019-12-16 21:15:46,普通的热水器烧水音量不是噪音但也不怎么静音
100002076059.0,5.0,2020-01-12 12:39:41,声音在可以接受的范围内不是特别的大
100002076059.0,5.0,2019-10-16 15:26:42,嗓音小和
100002076059.0,5.0,2019-10-23 20:08:00,不吵
100002076059.0,5.0,2020-06-20 08:24:20,装在厨房感觉没有明显的声音
100002076059.0,5.0,2020-04-04 19:49:32,符合要求
100002076059.0,5.0,2019-11-25 20:15:59,声音很小
66291393930.0,5.0,2020-07-04 17:40:12,声音很小不会对邻居产生影响
66291393930.0,5.0,2020-06-06 21:19:54,几乎没有噪音；
66291393930.0,5.0,2020-07-07 16:00:31,噪音不是很大
66291393930.0,5.0,2020-06-23 21:51:05,声音不大
66291393930.0,5.0,2020-04-30 11:36:31,一般
66291393930.0,5.0,2020-06-30 17:53:16,不大
66291393930.0,5.0,2020-06-22 10:59:30,噪音很小的喜欢
66291393930.0,5.0,2020-07-05 15:07:22,声音很小
66291393930.0,5.0,2020-06-13 13:00:45,噪音刚好
66291393930.0,5.0,2020-04-19 13:42:35,噪音小
66291393930.0,5.0,2020-05-13 19:43:53,可以接受非常满意
66291393930.0,5.0,2020-06-14 10:28:23,很小
66291393930.0,5.0,2020-06-15 09:56:04,能接受的范伟
66291393930.0,5.0,2020-06-27 09:05:57,噪音很小
66291393930.0,5.0,2020-05-05 15:44:07,不是很大放在厨房里面可以接受
66291393930.0,5.0,2020-05-21 16:26:39,很小
66291393930.0,5.0,2020-07-10 10:45:55,厨房比较远听不到噪音
66291393930.0,5.0,2020-05-09 13:04:20,只是试着测试了一下暂时没发现什么噪音
66291393930.0,5.0,2020-05-23 11:50:42,有点大
66291393930.0,5.0,2020-06-28 17:29:47,没有太大噪音
66291393930.0,5.0,2020-07-06 18:31:39,噪音比较小
66291393930.0,5.0,2020-05-16 19:50:04,没有安装呢不知道
66291393930.0,5.0,2020-06-10 09:17:14,小的
66291393930.0,5.0,2020-05-06 15:33:55,声音在厨房感觉挺大的但是关了厨房门在客厅基本听不见
66291393930.0,5.0,2020-07-02 15:33:39,正常
66291393930.0,5.0,2020-06-13 19:39:28,声音很小
66291393930.0,5.0,2020-05-16 19:46:43,没有感觉什么噪音还好关键还有厨房洗温度自动调整为合适的温度一如既往的速度第二天就送货了
66291393930.0,5.0,2020-05-09 11:45:57,声音不算大16L的很给力
66291393930.0,5.0,2020-05-06 23:15:34,很小
62581859528.0,5.0,2020-01-08 19:20:33,噪音很小很安静
62581859528.0,5.0,2020-01-16 10:04:50,噪音小在厨房外根本听不见
62581859528.0,5.0,2020-01-04 20:19:39,冬季模式有加热声音能接受其他很安静不错
62581859528.0,5.0,2020-06-11 16:05:34,噪音较小
62581859528.0,5.0,2020-06-08 17:08:38,还没用起来
62581859528.0,5.0,2020-05-06 14:45:21,声音很小
62581859528.0,5.0,2020-04-30 10:57:08,声音可以接受打火声音不大
62581859528.0,5.0,2019-12-19 08:46:45,很小
62581859528.0,5.0,2020-04-15 10:09:29,噪音很小安静
62581859528.0,5.0,2020-05-25 11:18:45,很小的声音
62581859528.0,5.0,2020-04-20 09:47:21,排完气后噪音很小
62581859528.0,5.0,2020-06-29 15:38:19,调试了一下基本没噪音
62581859528.0,5.0,2020-04-20 09:39:00,噪音很小物超所值
62581859528.0,5.0,2020-01-09 22:25:57,基本没啥噪音
62581859528.0,5.0,2020-06-15 08:25:48,很小
62581859528.0,5.0,2020-05-25 19:00:10,没有什么噪音只听见一点水的声音
62581859528.0,5.0,2020-01-20 18:11:05,噪音比较小启动声音小
62581859528.0,5.0,2020-06-19 18:55:23,噪音可以接受
62581859528.0,5.0,2020-05-11 16:24:03,噪音低
62581859528.0,5.0,2020-06-14 20:00:31,声音也不是太大
62581859528.0,5.0,2020-02-11 02:33:25,声音有点大不太影响吧
62581859528.0,5.0,2020-02-12 13:12:37,不大
62581859528.0,5.0,2020-04-04 23:18:34,噪音大小可以接受
62581859528.0,5.0,2020-04-20 09:40:40,音不大
62581859528.0,5.0,2020-05-21 08:09:09,还可以能接受
62581859528.0,5.0,2020-04-12 10:11:49,安静无噪音
62581859528.0,5.0,2020-03-14 14:46:47,暂未使用
62581859528.0,5.0,2020-04-12 10:10:25,无噪音
62581859528.0,5.0,2020-04-19 08:42:54,声音挺小的
62581859528.0,5.0,2020-02-08 11:37:54,音不大
62581859528.0,5.0,2020-01-15 08:02:08,有一点噪音
62581859528.0,5.0,2020-03-25 20:04:00,声音太尴尬了比之前的老机器声音还大
62581859528.0,5.0,2020-05-23 11:57:24,噪音小比前一个噪音小但是比前一个体积大很多比前一个出水水流也要小一点
62581859528.0,5.0,2020-04-24 09:56:29,基本没啥噪音
62581859528.0,5.0,2020-07-02 12:19:02,不大
62581859528.0,5.0,2020-05-23 12:03:29,噪音小
62581859528.0,5.0,2020-05-16 10:37:55,比我以前的要小
62581859528.0,5.0,2020-04-30 18:30:25,和以前的比声音很小
62581859528.0,5.0,2020-04-13 13:57:53,音很小很小声音
62581859528.0,5.0,2020-04-12 17:48:29,与旧壁挂炉相比声音小多了机子声音比水龙头流水声还小家人很满意
62581859528.0,5.0,2020-04-09 10:49:07,声音还好能接受比之前外国品牌小多了
62581859528.0,5.0,2020-02-14 11:28:53,声音很小
62581859528.0,5.0,2019-12-26 21:47:20,噪音还可以性价比非常的高
100009238780.0,5.0,2020-04-12 15:49:42,声音不算小但是还可以
100009238780.0,5.0,2020-01-06 11:58:13,非常赞
100009238780.0,5.0,2020-03-16 15:55:14,有一点点噪音能接受
100009238780.0,5.0,2019-12-15 14:38:40,噪音很小
100009238780.0,5.0,2020-01-14 19:00:32,和以前的热水器声音比较小一些
100009238780.0,5.0,2020-01-11 21:24:55,正常声音
100009238780.0,5.0,2019-12-28 16:49:23,不算太大在客厅基本没声音
100009238780.0,5.0,2020-01-18 10:49:56,很小
100009238780.0,5.0,2019-12-04 17:55:20,噪音很小
100009238780.0,5.0,2020-01-10 08:47:03,不大比原来的小
100009238780.0,5.0,2020-05-03 14:35:44,相比之前旧的热水器这个噪音很小
100009238780.0,5.0,2019-12-30 19:17:13,目前感觉噪音能接受
100009238780.0,5.0,2020-01-09 15:08:00,声音小
100009238780.0,5.0,2020-01-09 19:58:43,声音还好不怎么大
100009238780.0,5.0,2020-01-16 19:14:39,声音和空调最大风力差不多反正洗澡时候也听不到
100009238780.0,5.0,2020-01-06 08:01:30,能接受
100009238780.0,5.0,2020-03-05 16:36:52,有点点小噪音
100009238780.0,5.0,2020-04-22 17:23:08,非常安静
100009238780.0,5.0,2019-12-18 10:02:36,没有噪音
100009238780.0,5.0,2020-03-20 09:22:07,还好能接受
100009238780.0,5.0,2020-06-19 09:40:08,没有
100009238780.0,5.0,2019-11-28 21:55:28,声音不算大比我换下来的万和声音小天天跟开火车一样不知道是不是时间长了
100009238780.0,5.0,2020-01-13 11:56:11,声音还好
100009238780.0,5.0,2019-12-19 13:28:18,声音有点大不过尚在可接受范围内
100009238780.0,5.0,2020-01-22 08:41:04,还可以不算大安装厨房不影响
100009238780.0,5.0,2020-07-09 22:21:05,噪音大小能接受属于正常启动时有打火的声音
100009238780.0,5.0,2019-12-24 07:10:48,根据出水量越大其声音就大
100009238780.0,5.0,2019-12-28 20:14:21,声音还行
100009238780.0,5.0,2020-01-22 12:13:07,和一般的燃气热水器声音差不多
100009238780.0,5.0,2020-06-07 15:56:34,能接受
100009238780.0,5.0,2020-02-28 23:25:22,声音大可能是强排的缘故吧
100009238780.0,5.0,2019-12-14 16:58:57,还可以能接受
100009238780.0,5.0,2020-06-15 18:35:59,一般
100009238780.0,5.0,2020-05-26 21:59:49,大我爸最吐槽的就是这个声音说比我们家的热水器噪音大建议还是用进口的hellip
100009238780.0,5.0,2020-05-02 16:51:39,适中
100009238780.0,5.0,2019-12-25 00:24:38,没有
100009238780.0,5.0,2019-12-17 22:03:35,不错
100009238780.0,5.0,2020-06-19 16:21:45,不大
100009238780.0,5.0,2020-06-30 12:47:35,有点吵
100009238780.0,5.0,2020-04-13 16:42:12,噪音比较大
100009238780.0,5.0,2020-01-15 12:19:25,声音很小hellip
100009238780.0,5.0,2020-01-05 21:20:36,噪音大小合适能接受
100009238780.0,5.0,2020-01-02 16:46:02,能接受范围如果说没有声音那是不可能的毕竟要把冷水烧热吧
100009238780.0,5.0,2019-12-22 20:56:33,基本没有夜晚也很安静
50766591888.0,5.0,2020-01-20 16:35:11,噪音小
50766591888.0,5.0,2019-11-17 10:07:16,噪音非常小
50766591888.0,5.0,2020-06-23 22:02:50,声音很小
50766591888.0,5.0,2019-12-28 10:08:45,一般
50766591888.0,5.0,2020-01-03 19:28:16,噪音很小
50766591888.0,5.0,2020-01-08 13:52:02,噪音小无打折
50766591888.0,5.0,2020-06-27 16:14:16,还可以
50766591888.0,5.0,2019-10-06 21:47:58,噪音小无打扰
50766591888.0,5.0,2019-09-24 14:25:52,噪音不大可以接受
50766591888.0,5.0,2019-11-05 18:26:55,很小
50766591888.0,5.0,2019-12-19 21:59:53,很好
50766591888.0,5.0,2020-03-27 19:06:03,声音也不大
50766591888.0,5.0,2020-02-05 12:54:26,很小
50766591888.0,5.0,2019-12-17 09:38:29,没有噪音
50766591888.0,5.0,2020-04-13 08:01:38,超小
50766591888.0,5.0,2020-01-03 21:43:31,噪音不大
50766591888.0,5.0,2020-01-09 21:51:16,声音不大
50766591888.0,5.0,2019-10-03 10:46:02,一般
50766591888.0,5.0,2020-07-01 21:36:00,很小
50766591888.0,5.0,2019-10-18 17:38:40,很小声
50766591888.0,5.0,2020-06-29 20:12:33,声音很小
50766591888.0,5.0,2020-02-07 18:32:24,嗓音小
50766591888.0,5.0,2019-10-18 10:12:00,声音也不大
50766591888.0,5.0,2019-09-27 09:04:33,声音很小
50766591888.0,5.0,2019-12-27 17:16:54,很满意
50766591888.0,5.0,2019-10-10 15:19:40,没得噪音
50766591888.0,5.0,2019-11-04 09:33:21,很小
50766591888.0,5.0,2019-09-25 21:36:21,一般
50766591888.0,5.0,2019-10-04 22:11:14,很小
50766591888.0,5.0,2019-11-16 19:04:34,噪音小
50766591888.0,5.0,2019-12-30 08:50:43,小无噪音
50766591888.0,5.0,2020-01-08 19:30:02,基本没噪音我是放在厨房里的关上推拉门基本听不见声音了
50766591888.0,5.0,2019-11-15 19:07:32,声音小
50766591888.0,5.0,2020-03-12 18:37:49,还好
50766591888.0,5.0,2019-12-04 22:11:59,声音有点大不过还能接受
50766591888.0,5.0,2019-12-24 09:00:58,有点大不碍事
50766591888.0,5.0,2020-01-01 01:23:50,可以接受毕竟在厨房关门了啥都听不见
50766591888.0,5.0,2019-11-14 10:42:34,有但是正常使用的声音不影响生活
50766591888.0,5.0,2019-11-11 09:51:32,噪音小
50766591888.0,5.0,2019-10-17 14:42:10,噪音小
50766591888.0,5.0,2020-01-05 18:39:11,噪音小
50766591888.0,5.0,2019-10-07 15:49:52,接受范围之内
50766591888.0,5.0,2020-01-08 12:26:15,还好
50766591888.0,5.0,2020-01-21 23:35:27,装在外面听不到
50766591888.0,5.0,2019-10-31 20:58:03,较大
50766591888.0,5.0,2019-11-29 10:30:24,中等
50766591888.0,5.0,2020-02-18 09:37:09,每次用水就点火启动
50766591888.0,5.0,2019-11-24 11:53:46,有噪音
50766591888.0,5.0,2020-05-06 13:39:09,比较小
50766591888.0,5.0,2020-01-05 12:45:04,噪音小
50766591888.0,5.0,2020-01-09 07:12:33,基本没有
50766591888.0,5.0,2020-03-02 13:06:52,嗓音小
50766591888.0,5.0,2020-01-23 19:00:12,声音不算大能接受
50766591888.0,5.0,2019-11-29 16:33:08,静音
50766591888.0,5.0,2019-11-05 12:58:41,还未开通燃气
50766591888.0,5.0,2019-11-02 22:40:47,还行
50766591888.0,5.0,2019-12-15 20:01:40,不是太大
50766591888.0,4.0,2020-02-25 13:36:29,略大
50766591888.0,5.0,2019-09-24 11:41:18,有点大
50766591888.0,5.0,2020-05-16 10:04:35,不错
50766591888.0,5.0,2020-01-31 14:54:18,噪音小
50766591888.0,5.0,2019-10-23 22:22:01,噪音小可以接受
100007766168.0,5.0,2020-05-17 17:13:26,噪音很小尤其是打火声音小可以承受
100007766168.0,5.0,2020-01-18 11:16:18,没啥特别声音
100007766168.0,5.0,2019-11-15 20:22:43,噪音小
100007766168.0,5.0,2020-05-10 14:35:40,声音不大能接受真的不错
100007766168.0,5.0,2020-05-08 17:46:22,几乎没有什么噪音不像以前轰隆隆隆的
100007766168.0,5.0,2020-01-09 22:54:01,噪音也不大一般厨房都是关着门开点窗户不会有很大的声音的
100007766168.0,5.0,2020-03-28 16:52:45,噪音接受范围内
100007766168.0,5.0,2020-03-06 13:05:15,声音小很满意
100007766168.0,5.0,2019-10-29 11:24:25,能接受
100007766168.0,5.0,2019-10-16 18:44:57,声音特别小
100007766168.0,5.0,2020-01-11 14:16:26,没有
100007766168.0,5.0,2019-12-26 22:22:19,一般还可以接受
100007766168.0,5.0,2020-03-06 13:13:57,噪音很小
100007766168.0,5.0,2020-02-14 17:41:48,还小吧
100007766168.0,5.0,2020-01-03 07:58:19,噪音小
100007766168.0,5.0,2020-01-14 05:22:55,静音
100007766168.0,5.0,2020-03-18 08:40:10,很小
100007766168.0,5.0,2020-01-06 08:13:28,静音
100007766168.0,5.0,2020-06-10 16:53:19,不错
100007766168.0,5.0,2020-05-27 11:33:13,没什么噪音
100007766168.0,5.0,2019-12-23 10:49:29,噪音不大
100007766168.0,5.0,2019-11-13 10:49:50,噪音小
100007766168.0,5.0,2020-02-24 17:00:27,比较小能接受
100007766168.0,5.0,2020-05-20 15:58:22,很小
100007766168.0,5.0,2019-10-26 17:42:24,不大可以接受
100007766168.0,5.0,2020-03-14 23:58:50,安装在厨房影响不大
100007766168.0,5.0,2019-12-25 17:17:03,还可以
100007766168.0,5.0,2020-03-26 09:51:59,小听不出来
100007766168.0,5.0,2020-01-01 18:18:05,声音很小
100007766168.0,5.0,2020-06-04 11:29:28,很好
100007766168.0,5.0,2020-05-07 07:51:11,比较小
100007766168.0,5.0,2019-11-03 16:23:03,稍大在厨房也没什么关系
100007766168.0,5.0,2020-02-18 14:55:01,很小
100007766168.0,5.0,2020-06-08 19:35:56,服务好价格优为京东的服务点赞非常满意
100007766168.0,5.0,2020-07-11 16:51:43,噪音不大
100007766168.0,5.0,2020-03-11 17:46:52,不错的很好没什么声音
100007766168.0,5.0,2020-02-25 13:14:43,非常安静自己安装的很简单
100007766168.0,5.0,2019-12-03 11:47:40,点大
100007766168.0,5.0,2020-02-26 22:56:51,乎没有声音
100007766168.0,5.0,2019-12-15 20:03:26,非常小
100007766168.0,5.0,2020-03-01 10:42:38,没啥噪音
100007766168.0,5.0,2020-02-27 14:49:02,非常小
100007766168.0,5.0,2020-06-16 06:04:05,很小
100007766168.0,5.0,2019-12-15 20:25:50,非常小
100007766168.0,5.0,2020-02-10 17:21:28,噪音非常小
100007766168.0,5.0,2020-03-10 10:52:02,家里人觉得声音比以前的响很多第一次听时的确比以前的响特别刚启动第一下听久了习惯了就好了
100007766168.0,5.0,2019-12-16 12:47:25,热水器噪音较小机器外壳摸上去震动感较小
100007766168.0,5.0,2019-10-27 21:01:08,可以接受安装在厨房听不见什么声音
100007766168.0,5.0,2019-12-15 18:54:12,比以前万和的声音小很多很好
100007766168.0,5.0,2020-04-12 09:14:53,声音不大可以接受比以前旧的那个要小
100007766168.0,5.0,2020-03-22 22:21:15,在厨房安装的声音还没燃气灶打开的声音大
100007766168.0,4.0,2020-02-02 14:32:25,噪音有点大
100007766168.0,5.0,2020-05-23 08:18:41,声音大
100007766168.0,5.0,2020-05-09 15:57:37,还好热水器准时达到安装师傅也到了马上开始工作专业技术也比较娴熟干活利索大品牌质量有保障价格优惠温度调节方便可以用wifi控制的全家都喜欢
100007766168.0,5.0,2020-03-27 11:32:59,有声音
100007766168.0,5.0,2020-01-28 18:05:51,能够接受
100007766168.0,5.0,2019-12-14 14:15:38,声音比较小
100007766168.0,5.0,2019-11-12 19:20:28,基本没有
100007766168.0,5.0,2020-04-19 17:31:13,有噪音吗哈哈我没感觉的
100007766168.0,5.0,2020-05-12 13:44:54,好静差不多完全听不到开机声音
100007766168.0,5.0,2020-01-07 15:27:44,比较小
100007766168.0,5.0,2020-06-04 17:06:04,在可接受范围
100007766168.0,5.0,2019-12-09 21:06:20,噪音在可接受范围吧
100007766168.0,5.0,2020-06-11 07:37:59,很小
100007766168.0,5.0,2020-03-13 19:41:50,点火声音不大比我原来的樱花小
100007766168.0,5.0,2020-01-17 19:40:26,没有噪音
100007766168.0,5.0,2020-02-28 21:34:06,较小
100007766168.0,5.0,2020-04-04 18:53:17,声音不大
100007766168.0,5.0,2020-01-23 15:58:07,没有什么噪音
100007766168.0,5.0,2020-06-18 00:55:44,有点大
100007766168.0,5.0,2020-02-20 00:01:34,稍微大点但这个安装在室外无所谓
100007766168.0,5.0,2019-12-24 19:45:22,挺小的
100007766168.0,5.0,2019-11-16 16:59:17,能接受
100007766168.0,5.0,2020-05-16 11:42:29,不大
100007766168.0,5.0,2020-06-15 15:20:08,可接受
100007766168.0,5.0,2020-06-10 14:01:21,噪音比之前的热水器小多了
100007766168.0,5.0,2020-03-20 17:43:32,非常小
100007766168.0,5.0,2020-01-18 20:43:04,一般
100007766168.0,4.0,2019-10-13 18:55:58,噪音不小
100007766168.0,5.0,2020-06-02 20:41:21,噪音小
100007766168.0,5.0,2020-04-22 19:58:59,还可以
100007766168.0,5.0,2020-02-01 21:45:23,满意
100007766168.0,5.0,2020-03-23 12:22:14,挺小的能接受
100007766168.0,5.0,2020-01-25 19:07:03,还可以
100007766168.0,5.0,2020-01-19 20:58:21,噪音有点不理想可以接受
100007766168.0,5.0,2020-01-16 05:17:56,安静
100007766168.0,5.0,2020-04-23 19:33:15,不是很大都是也不小
100007766168.0,5.0,2020-02-13 09:16:39,噪音大
100007766168.0,5.0,2019-10-15 20:38:35,还没试用
100007766168.0,5.0,2020-02-01 10:24:29,声音很响轰轰轰的感觉有点吓人安装服务安装什么都要钱我安装花了元乱收费恒温效果恒温效果还行
100007766168.0,5.0,2020-01-11 00:21:45,安静没什么噪音
100007766168.0,5.0,2020-02-15 18:45:54,很小
100007766168.0,5.0,2020-01-13 21:14:08,基本没有很大的噪音不影响正常生活休息
100007766168.0,5.0,2020-01-11 11:14:46,声音不大尤其打火声音很小在可以承受的范围内
100007766168.0,5.0,2020-01-11 10:29:58,正好不大不小
100007766168.0,1.0,2020-01-04 08:59:35,可以接受的范围
100007766168.0,5.0,2019-12-07 09:21:31,比之前用的品牌噪音小很多
68735914473.0,5.0,2020-06-23 15:59:18,基本上没有噪音
68735914473.0,5.0,2020-07-01 22:30:23,超级小值得拥有
68735914473.0,5.0,2020-05-28 15:46:11,很小
68735914473.0,5.0,2020-06-09 10:18:26,噪音就是在电子点火的时候有一点总体可以接受
68735914473.0,5.0,2020-06-23 10:25:46,一般般
68735914473.0,5.0,2020-06-21 13:27:28,还可以接受
68735914473.0,5.0,2020-05-31 12:55:41,一般
68735914473.0,5.0,2020-06-02 23:59:56,一般
68735914473.0,5.0,2020-06-18 20:44:47,声音不算很大整体还不错就是师傅上门安装需要自己把原来的拆下来还有自己钻孔不然要另外收费不过整体都不错
68735914473.0,5.0,2020-06-21 18:05:19,有一点声音
68735914473.0,5.0,2020-06-15 11:06:13,可以接受
68735914473.0,5.0,2020-07-02 15:15:41,比我家以前的那个小好多
68735914473.0,5.0,2020-06-18 13:58:22,比较大
68735914473.0,5.0,2020-06-14 19:06:57,很小
68735914473.0,5.0,2020-05-29 17:59:33,声音非常小而且这次买对
100011426470.0,5.0,2020-05-18 12:09:32,很小
100011426470.0,5.0,2020-05-28 08:04:42,小得很巴适得板
100011426470.0,5.0,2020-07-03 22:41:06,非常小
100011426470.0,5.0,2020-04-21 11:32:35,很静音
100011426470.0,5.0,2020-06-15 18:30:04,美的啥噪音
100011426470.0,5.0,2020-06-06 01:32:37,正常范围
100011426470.0,5.0,2020-06-08 17:16:00,噪音不大
100011426470.0,5.0,2020-03-11 20:51:06,非常满意
100011426470.0,5.0,2020-06-09 11:34:54,很小
65735045450.0,5.0,2020-05-19 21:56:06,洗澡时肯定没人在厨房听热水器的噪音一般来说听到的都是排风机的声音
65735045450.0,5.0,2020-06-25 15:01:43,没有噪音
65735045450.0,5.0,2020-05-30 11:27:02,有点声音能接受
65735045450.0,5.0,2020-05-06 17:37:58,也正常
65735045450.0,5.0,2020-05-12 19:40:51,非常小
65735045450.0,5.0,2020-05-10 13:08:29,没什么声音
65735045450.0,5.0,2020-05-03 15:33:43,噪音较小比预期要小的多
67207754125.0,5.0,2020-06-28 01:11:08,有点大
64630635503.0,5.0,2020-06-06 17:57:16,不大
64630635503.0,5.0,2020-03-22 17:57:47,没噪音
64630635503.0,5.0,2020-06-02 13:27:38,机器声音也很相当满意
64630635503.0,5.0,2020-06-12 12:21:44,很小
64630635503.0,5.0,2020-06-02 20:18:13,很安静
64630635503.0,5.0,2020-07-09 11:35:28,很小
64630635503.0,5.0,2020-05-26 16:38:35,0噪音
64630635503.0,5.0,2020-05-11 23:58:20,可以接受
64630635503.0,5.0,2020-06-04 20:37:25,适中
64630635503.0,5.0,2020-02-25 13:38:06,比之前那神X牌子的安静很多
64630635503.0,5.0,2020-05-20 12:59:42,噪音小
64630635503.0,5.0,2020-04-17 17:43:14,声音合适噪音很低
64630635503.0,5.0,2020-04-07 21:22:32,静音效果好基本没声音
28201824151.0,5.0,2020-07-05 19:39:24,可以接受
28201824151.0,5.0,2020-06-17 15:46:41,很小
28201824151.0,5.0,2020-05-09 08:12:09,噪音很小
28201824151.0,5.0,2019-11-14 10:36:10,还行装在阳台家里是听不到
28201824151.0,5.0,2020-04-08 12:46:29,嗓音有点大
28201824151.0,5.0,2020-05-03 05:38:50,一般可以接受
28201824151.0,5.0,2020-04-17 09:50:51,很小
28201824151.0,5.0,2020-01-18 13:34:42,很轻
28201824151.0,5.0,2019-10-17 13:58:44,很好
28201824151.0,5.0,2020-06-20 18:29:13,一般
28201824151.0,5.0,2020-05-14 08:17:19,噪音比较小
28201824151.0,5.0,2020-05-14 12:55:16,能够接受
28201824151.0,5.0,2020-03-01 15:36:20,一般
28201824151.0,5.0,2020-03-05 15:02:57,小声
28201824151.0,5.0,2019-10-14 11:40:25,可以
28201824151.0,5.0,2019-12-20 17:18:38,声音有点儿大
28201824151.0,5.0,2020-04-13 20:44:04,可以
28201824151.0,5.0,2020-04-04 18:33:50,比较大
28201824151.0,5.0,2019-09-23 12:45:01,声音有点大
28201824151.0,5.0,2019-10-14 08:21:05,不错
28201824151.0,5.0,2020-03-05 20:25:56,还可以
28201824151.0,5.0,2020-06-18 18:07:45,一般能够承受
28201824151.0,5.0,2020-02-23 11:30:23,小强排式热水器嘛
28201824151.0,5.0,2019-11-13 17:32:13,没有使用过
28201824151.0,5.0,2019-10-10 18:44:59,常范围噪音不大
29056147664.0,5.0,2020-01-01 17:04:53,噪音也不大
29056147664.0,5.0,2019-12-28 20:00:58,噪音小
29056147664.0,5.0,2020-03-26 08:31:25,基本没什么噪音
29056147664.0,5.0,2019-11-20 18:51:30,很小能接受
29056147664.0,5.0,2020-06-03 12:31:29,噪音小
29056147664.0,5.0,2019-09-24 22:01:58,很小
29056147664.0,5.0,2019-10-28 19:31:05,基本没有声音很安心
29056147664.0,5.0,2019-12-09 11:51:46,声音不大白天还可以
29056147664.0,5.0,2019-12-04 15:25:45,声音小
29056147664.0,5.0,2020-01-03 19:43:10,噪音比较小一点也不吵
29056147664.0,5.0,2019-10-08 11:46:04,基本听不到
29056147664.0,5.0,2019-10-22 20:03:45,没什么噪音
29056147664.0,5.0,2019-12-08 16:22:20,没有什么声音
29056147664.0,5.0,2020-01-01 19:47:19,声音小烧水速度快安装师傅态度也很好没有乱收费我家一厨一卫用特别合适
29056147664.0,5.0,2020-03-19 19:03:03,噪音有点大
29056147664.0,5.0,2019-11-14 23:39:54,噪音小
29056147664.0,5.0,2019-09-25 08:25:55,还行不是很吵
29056147664.0,5.0,2019-11-16 20:07:54,噪声小
29056147664.0,5.0,2019-12-22 21:37:31,声音不大
29056147664.0,5.0,2019-12-16 15:04:27,噪音小
29056147664.0,5.0,2019-10-25 15:22:18,声音比以前用的哪台小很多
29056147664.0,5.0,2019-12-20 13:07:53,用了下没什么噪音
29056147664.0,5.0,2019-10-24 12:27:59,适中
29056147664.0,5.0,2019-12-21 12:46:47,不大
29056147664.0,5.0,2020-03-15 15:03:17,噪音小
29056147664.0,5.0,2019-11-16 12:22:09,还好
29056147664.0,5.0,2019-12-06 18:57:30,声音很小
29056147664.0,5.0,2019-09-28 17:38:44,没有噪音
29056147664.0,5.0,2020-04-06 11:54:27,有声音但是完全不会觉得吵
29056147664.0,5.0,2020-03-14 13:34:19,你很小
29056147664.0,5.0,2020-01-10 14:09:41,噪音很小
29056147664.0,5.0,2019-10-31 15:29:12,还可以
29056147664.0,5.0,2020-04-11 14:38:18,不是很大
29056147664.0,5.0,2019-11-01 10:19:12,一点点可以接受响了才知道有点火非常好
29056147664.0,5.0,2019-11-21 15:02:01,不大
29056147664.0,5.0,2019-11-15 11:11:59,正常
29056147664.0,5.0,2019-10-31 09:04:15,适中
29056147664.0,5.0,2019-11-12 12:23:11,声音小
29056147664.0,5.0,2019-10-30 19:50:22,基本没什么噪音
29056147664.0,5.0,2019-11-04 16:37:59,很小
29056147664.0,5.0,2019-09-20 19:15:49,很小
29056147664.0,5.0,2019-12-13 17:18:40,噪音不大
29056147664.0,5.0,2020-04-21 08:30:44,声音一般不算大
29056147664.0,5.0,2020-04-11 12:45:09,声音不大
29056147664.0,5.0,2020-04-10 14:06:18,正常
29056147664.0,5.0,2020-04-09 22:11:29,有点大比03年的老式声音还大
29056147664.0,5.0,2020-04-01 15:18:08,噪音不大
29056147664.0,5.0,2020-03-29 13:37:39,比以前老款好多了声音在接受的范围
29056147664.0,5.0,2020-03-21 08:32:56,适中不影响
29056147664.0,5.0,2020-03-15 20:24:08,没什么噪音
29056147664.0,5.0,2020-03-07 16:01:12,声音吗不大
29056147664.0,4.0,2020-01-21 21:26:32,挺吵
29056147664.0,5.0,2020-01-13 23:22:25,还行谈不上噪音
29056147664.0,5.0,2020-01-01 11:32:15,不大
29056147664.0,5.0,2019-12-30 09:46:35,有点大但不影响
29056147664.0,5.0,2019-12-25 21:24:28,噪音有点大其它完美
29056147664.0,5.0,2019-12-24 13:29:33,噪音不大能接受没有给人不适感觉
29056147664.0,5.0,2019-12-22 23:12:54,不大
29056147664.0,5.0,2019-12-22 17:50:55,噪音小
29056147664.0,5.0,2019-12-18 19:32:57,噪音控制的挺不错的之前也买的美的的但是质量却不怎么样噪声还大用了三年就坏了所以这次坚决买质保长的
29056147664.0,5.0,2019-12-18 19:02:54,噪音低
29056147664.0,5.0,2019-12-12 18:40:59,小安静
29056147664.0,5.0,2020-03-13 12:12:33,一般
29056147664.0,5.0,2019-12-06 13:05:06,不错
29056147664.0,5.0,2019-12-04 12:46:13,噪音挺小
29056147664.0,5.0,2019-11-17 13:38:58,不大能接受
29056147664.0,5.0,2019-10-15 10:05:19,不是一般的
29056147664.0,5.0,2019-11-27 23:35:09,机器运行十分稳定几乎没有噪音
100004049591.0,5.0,2019-09-23 16:47:08,声音很小在可承受范围内完美
100004049591.0,5.0,2019-11-20 17:05:39,噪音比较小
100004049591.0,5.0,2020-06-08 15:50:43,能接受
100004049591.0,5.0,2019-12-06 23:10:02,基本没啥噪音
100004049591.0,5.0,2020-05-22 11:12:37,噪音在使用过程中几乎很小比原来的小很多
100004049591.0,5.0,2020-01-05 17:11:27,噪音可接受还好
100004049591.0,5.0,2019-10-16 12:12:18,噪音小
100004049591.0,5.0,2020-06-01 12:41:55,噪音很小几乎听不到
100004049591.0,5.0,2019-11-04 19:31:19,相信美的
100004049591.0,5.0,2019-12-16 10:18:01,未试用
100004049591.0,5.0,2019-11-12 22:14:31,没有噪音静音赞
100004049591.0,5.0,2019-12-15 18:46:59,声音不大
100004049591.0,5.0,2020-01-02 18:45:07,几乎没有
100004049591.0,5.0,2019-11-07 13:45:21,噪音大小可以接受
100004049591.0,5.0,2020-06-02 21:44:15,声音小
100004049591.0,5.0,2019-12-27 14:39:29,噪音还在接受的范围之内
100004049591.0,5.0,2019-11-14 13:53:22,声音还是有一点的在接受范围内
100004049591.0,5.0,2020-02-26 22:05:23,噪音几乎听不见
100004049591.0,5.0,2020-06-30 19:41:24,噪音很小做的不错
100004049591.0,5.0,2019-11-23 15:38:22,机子装在阳台上里面听不到声音
100004049591.0,5.0,2020-01-04 17:45:01,还未点火过两天点火了再来追评
100004049591.0,5.0,2019-11-25 13:35:25,目前还没有正是使用用后再评价
100004049591.0,5.0,2019-11-17 11:38:12,很小
100004049591.0,5.0,2019-11-01 17:23:56,噪音非常小
100004049591.0,5.0,2019-11-17 22:22:56,基本上没噪音
100004049591.0,5.0,2019-12-04 19:07:20,一般
100004049591.0,5.0,2019-11-01 17:26:51,噪音非常小
100004049591.0,5.0,2019-10-03 12:09:22,适中
100004049591.0,5.0,2019-11-02 10:32:58,声音及乎为0
100004049591.0,5.0,2019-11-25 11:28:46,可以接受
100004049591.0,5.0,2020-01-12 21:02:17,很小
100004049591.0,5.0,2020-02-08 01:57:26,不算很大
100004049591.0,5.0,2020-04-24 14:12:29,新房装修放入户阳台几乎听不到噪音放置的位置很合适没什么声音
100004049591.0,5.0,2020-03-17 18:08:16,很小
100004049591.0,5.0,2019-11-10 12:08:47,噪音控制的也很不错
100004049591.0,5.0,2019-10-25 18:05:35,点火烧水声音满小的不会像老式的热水器那样轰燃声吓人的感觉
100004049591.0,5.0,2019-11-25 11:47:47,可以接受
100004049591.0,5.0,2020-01-20 18:42:59,听不到声音美
100004049591.0,5.0,2020-01-21 09:23:08,声音大小一般毕竟燃气的基本都是这样
100004049591.0,5.0,2019-11-03 13:06:06,噪音相对比较大主要是风机和水泵
100004049591.0,5.0,2020-05-13 08:28:35,还可以接受
100004049591.0,5.0,2020-01-18 00:04:57,比较小
100004049591.0,5.0,2019-11-06 12:20:14,比万和的小
100004049591.0,5.0,2019-12-16 10:49:13,启动零冷水功能时由于冷热水循环需要水泵工作所以声音大一点但可以接受
100004049591.0,5.0,2020-02-16 18:52:11,零冷水模式噪音略微有点大主要是停停启启但在可接受范围内
100004049591.0,5.0,2019-11-01 07:40:04,噪音不大
100004049591.0,5.0,2020-02-01 14:58:58,声音小
100004049591.0,5.0,2019-11-03 11:26:27,噪音基本上还可以接受
100004049591.0,5.0,2020-04-25 12:33:58,可以接受
100004049591.0,5.0,2020-05-20 15:52:56,声音很小
100004049591.0,5.0,2020-01-04 20:00:21,噪音很小
100004049591.0,5.0,2019-11-10 11:38:10,待使用后追评
100004049591.0,5.0,2019-11-17 16:23:53,基本没什么噪音
100004049591.0,5.0,2020-02-02 09:41:21,可以接受
100004049591.0,5.0,2019-12-26 12:07:52,很小声
100004049591.0,5.0,2019-12-30 15:34:25,声音小赞
100004049591.0,5.0,2019-12-22 08:07:56,噪音正常范围之内可以接受
100004049591.0,5.0,2019-12-20 22:42:40,声音很小很安静
100004049591.0,5.0,2019-11-18 17:33:17,声音很小
100004049591.0,5.0,2019-10-24 19:15:35,很安静
30030630339.0,5.0,2019-11-22 21:34:54,声音小
30030630339.0,5.0,2019-12-14 20:08:06,基本没有声音我还以为没着水温就上来了
30030630339.0,5.0,2019-12-13 20:28:41,很小
30030630339.0,5.0,2019-10-30 20:33:40,很小了
30030630339.0,5.0,2020-01-04 15:43:50,声音挺小的在室内几乎听不到声音影响不大hellip
30030630339.0,5.0,2019-12-14 22:31:01,噪音很小
30030630339.0,5.0,2020-02-06 11:19:25,强排声音比较大
30030630339.0,5.0,2019-12-21 14:32:17,可以
30030630339.0,5.0,2019-12-22 22:07:10,东西安在厨房声音呢也不大还可以接受
30030630339.0,5.0,2019-11-17 19:51:54,声音不大
30030630339.0,5.0,2019-10-31 12:43:59,安在室外一点不影响
30030630339.0,5.0,2019-12-09 14:47:54,很好
30030630339.0,5.0,2019-12-04 08:16:58,很小
30030630339.0,5.0,2019-10-15 13:30:37,很小
30030630339.0,5.0,2019-12-02 13:00:47,噪音大小几乎没有分贝完美
30030630339.0,5.0,2019-10-07 07:33:38,没感觉有声音
30030630339.0,5.0,2020-06-20 15:54:03,能接受
30030630339.0,5.0,2019-12-05 16:14:16,噪音不太大
30030630339.0,5.0,2020-06-20 13:26:08,声音能接受
30030630339.0,5.0,2019-09-25 09:39:36,很小
30030630339.0,5.0,2019-12-15 11:54:35,噪音可以接受
30030630339.0,5.0,2019-10-23 14:22:50,还可以
30030630339.0,5.0,2019-11-17 13:19:09,噪音比以前的小不少
30030630339.0,5.0,2019-10-11 22:59:26,很小
30030630339.0,5.0,2019-10-12 20:04:12,之前用的就是10升的美的的热水器用了接近10年了现在换的这个噪音小热水出的也很快
30030630339.0,5.0,2019-11-18 14:48:11,很小
30030630339.0,5.0,2019-10-18 13:50:49,静音
30030630339.0,5.0,2019-12-01 19:57:49,噪音较小
30030630339.0,5.0,2020-01-03 10:59:18,不大
30030630339.0,5.0,2019-09-20 16:15:58,声音不大算小的了
30030630339.0,5.0,2019-10-08 21:02:24,用了两次来评价的比我以前那个声音小很多这个很满意
30030630339.0,5.0,2019-12-03 15:43:58,很安静
30030630339.0,5.0,2019-10-08 21:58:13,声音很小开起水后只有水声
30030630339.0,5.0,2020-05-03 22:33:52,声音很小可以忽略
30030630339.0,5.0,2020-05-11 17:45:52,不大
30030630339.0,5.0,2019-12-25 08:12:18,机器声音能接受
30030630339.0,5.0,2019-12-02 09:58:08,很小
30030630339.0,5.0,2020-05-20 22:51:35,起小
30030630339.0,5.0,2019-10-25 11:29:57,暂没使用
30030630339.0,5.0,2020-05-01 15:44:30,很小
30030630339.0,5.0,2019-10-31 19:49:18,不大
30030630339.0,5.0,2019-09-25 22:29:15,很小
30030630339.0,5.0,2019-11-18 16:30:40,不大很好
30030630339.0,5.0,2019-12-05 10:43:52,很小
30030630339.0,5.0,2020-01-09 19:49:04,不大
30030630339.0,5.0,2019-09-21 15:09:22,较小
30030630339.0,5.0,2020-03-29 10:10:15,目前听不太到
30030630339.0,5.0,2020-05-24 23:56:00,声音不大
30030630339.0,5.0,2020-01-05 21:59:25,不大
30030630339.0,5.0,2019-11-02 16:46:31,还行
30030630339.0,5.0,2020-02-24 20:12:31,还可以
30030630339.0,5.0,2019-12-14 21:00:56,可以接受
30030630339.0,5.0,2020-01-20 14:48:10,不是很大一般
30030630339.0,5.0,2020-05-23 16:36:00,不大还不错
30030630339.0,5.0,2020-04-02 16:12:17,还是可以接受的
30030630339.0,5.0,2020-01-28 13:00:13,一般般和我原来差不多原来也是美的
30030630339.0,5.0,2020-01-28 10:46:10,换热水器反正这个基本没有声音比我之前的好多了
30030630339.0,5.0,2020-01-21 17:31:21,噪音小
30030630339.0,5.0,2020-01-12 14:16:14,感觉噪音稍微有点大
30030630339.0,5.0,2020-01-10 23:23:45,较少噪音
30030630339.0,5.0,2020-01-02 16:01:30,还没开始用用过之后再做评价
30030630339.0,5.0,2019-12-28 18:04:22,正常的声音比较安静
30030630339.0,5.0,2019-12-24 21:07:41,噪音还算比较安静
30030630339.0,5.0,2019-12-20 18:17:18,几乎是静音
30030630339.0,5.0,2019-12-19 12:08:25,就是噪音大总体还可以
30030630339.0,5.0,2019-12-17 10:52:35,合适
30030630339.0,5.0,2019-12-14 08:04:26,正常
30030630339.0,5.0,2019-12-04 20:08:39,不怎么响
30030630339.0,5.0,2019-11-20 11:28:43,无噪音
30030630339.0,5.0,2019-10-18 17:47:13,很好
30030630339.0,5.0,2019-10-18 13:01:14,不是很大比较安静
30030630339.0,5.0,2019-10-11 15:01:45,噪音的话还可以处于可以接受的状态
30030630339.0,5.0,2019-10-05 20:44:35,正常排气算强大
68100979981.0,5.0,2020-07-06 15:32:07,可以接受
68100979981.0,5.0,2020-06-26 13:36:06,同上
68100979981.0,5.0,2020-07-10 16:45:10,没什么声音
68100979981.0,5.0,2020-07-10 16:34:26,比较安静
39974630844.0,5.0,2019-10-29 16:31:46,可以接受
39974630844.0,5.0,2020-05-13 18:12:38,一般般
39974630844.0,5.0,2019-10-15 13:47:56,不大
39974630844.0,5.0,2020-03-23 13:30:04,噪音小很满意
39974630844.0,5.0,2020-05-31 15:12:20,一般般
39974630844.0,5.0,2020-05-30 11:49:26,很小
39974630844.0,5.0,2020-04-15 11:10:27,声音小
39974630844.0,5.0,2020-01-15 17:36:24,可以接受
39974630844.0,5.0,2019-11-25 22:23:59,很小
39974630844.0,5.0,2019-12-22 18:38:46,很小的声音
39974630844.0,5.0,2019-10-07 11:30:09,不大
39974630844.0,5.0,2019-10-18 12:41:18,能接受
39974630844.0,5.0,2020-04-09 14:33:15,一般
39974630844.0,5.0,2019-12-12 23:01:40,安静
39974630844.0,5.0,2020-05-01 16:26:20,很小
39974630844.0,5.0,2020-03-21 16:33:31,很好
39974630844.0,5.0,2020-02-26 12:00:51,较小
39974630844.0,5.0,2020-02-01 23:52:44,没什么声音
39974630844.0,5.0,2019-10-22 13:45:46,适合
39974630844.0,5.0,2020-04-10 14:24:54,可以忽略
39974630844.0,5.0,2019-10-31 18:45:29,烧水声有一点但还是能接受范围
39974630844.0,5.0,2020-02-02 17:25:14,有点大
39974630844.0,5.0,2020-04-14 17:23:22,噪音不大
39974630844.0,5.0,2020-01-20 21:49:44,噪音有点大
39974630844.0,5.0,2019-12-12 21:05:04,有点大
39974630844.0,5.0,2020-05-05 14:54:27,不算大可接受
39974630844.0,5.0,2020-03-05 11:41:39,还可以
39974630844.0,5.0,2019-11-23 21:50:31,有点大
39974630844.0,5.0,2020-01-14 17:25:38,是排气的噪音比较大
39974630844.0,4.0,2020-04-24 06:09:33,開水後熱水器聲音有點大
39974630844.0,5.0,2019-12-27 14:46:13,声音不是很大
25745835099.0,5.0,2020-01-05 00:26:58,噪音比原来的小很多
25745835099.0,5.0,2020-05-14 11:28:24,无噪音
25745835099.0,5.0,2019-10-03 20:26:41,没有什么噪音哦
25745835099.0,5.0,2020-01-02 20:21:36,因为有进出排风噪音在可接受范围内
25745835099.0,5.0,2020-01-21 20:04:30,不大
25745835099.0,5.0,2019-09-23 20:21:25,声音不大
25745835099.0,5.0,2019-11-26 23:01:40,很小
25745835099.0,5.0,2019-09-22 18:52:13,声音不大比较安静
25745835099.0,5.0,2020-02-20 21:36:39,启动无噪音很安静
25745835099.0,5.0,2019-12-28 15:14:06,噪音很小
25745835099.0,5.0,2020-05-29 18:56:00,比原来小多了
25745835099.0,5.0,2019-10-15 07:53:09,比我之前的小声很多
25745835099.0,5.0,2019-12-27 09:17:51,很安静
25745835099.0,5.0,2020-07-05 23:57:44,不大
25745835099.0,5.0,2019-09-29 14:26:10,没有噪音非常好
25745835099.0,5.0,2019-11-15 08:36:26,基本没啥声音
25745835099.0,5.0,2020-05-05 22:25:53,很小比原来奇田的那个好太多了
25745835099.0,5.0,2019-11-04 20:34:47,噪音基本上没有反正我们使用基本上没听见
25745835099.0,5.0,2019-10-12 22:59:29,噪音很小几乎听不到
25745835099.0,5.0,2019-12-09 09:17:58,还行
25745835099.0,5.0,2019-12-13 22:25:00,噪音很小
25745835099.0,5.0,2019-12-29 20:10:46,比较安静
25745835099.0,5.0,2019-12-11 19:54:46,声音小
25745835099.0,5.0,2019-12-16 16:38:42,很好
25745835099.0,5.0,2020-02-24 20:48:52,很小
25745835099.0,5.0,2019-11-17 20:00:06,很安静听不到打火声音
25745835099.0,5.0,2019-10-21 20:17:39,忽略不计hellip
25745835099.0,5.0,2020-02-22 22:02:45,一般
25745835099.0,5.0,2019-12-17 11:43:52,很不错
25745835099.0,5.0,2020-03-02 17:58:21,很好
25745835099.0,5.0,2020-04-04 19:48:06,嗓音小
25745835099.0,5.0,2019-11-18 16:34:03,安装师傅态度特别好很细心安装好以后耐心讲解怎么使用5分好评师傅辛苦了谢谢
25745835099.0,5.0,2019-10-19 15:54:47,很小
25745835099.0,5.0,2020-04-23 12:57:36,比较安静
25745835099.0,5.0,2019-12-13 18:06:32,一般整体比较低正常打火声音和允许的声音基本差不多比之前的好些
25745835099.0,5.0,2020-01-19 20:47:47,能说比之前坏掉的樱花声音还小么
25745835099.0,5.0,2019-10-11 04:15:45,噪音比我以前的老万和小多了
25745835099.0,5.0,2020-05-11 15:05:45,噪音不大
25745835099.0,5.0,2020-03-12 16:03:13,几乎没有
25745835099.0,5.0,2019-12-28 23:01:27,接受
25745835099.0,5.0,2019-12-03 18:07:51,只有抽风机声音可以接受吧
25745835099.0,5.0,2019-11-27 13:46:53,噪音低毕竟刚刚使用
25745835099.0,5.0,2020-06-29 19:19:24,声音小
25745835099.0,5.0,2019-11-27 07:21:52,声音很小比较安静
25745835099.0,5.0,2020-05-16 12:18:14,声音不大
25745835099.0,5.0,2019-10-28 08:19:53,安装在阳台声音比我以前用的低多了
25745835099.0,5.0,2019-12-01 00:31:45,没什么噪音
25745835099.0,5.0,2020-03-08 12:44:47,一般
25745835099.0,5.0,2020-05-14 21:13:58,安静
25745835099.0,5.0,2020-02-06 15:15:30,较小
25745835099.0,5.0,2019-12-29 23:33:09,比我以前的声音小
25745835099.0,5.0,2019-11-28 15:44:15,很小几乎听不到声音
25745835099.0,5.0,2019-11-25 19:56:06,噪音一般
25745835099.0,5.0,2020-02-24 16:45:35,噪音小
25745835099.0,5.0,2020-01-15 23:49:26,声音有点大
25745835099.0,5.0,2020-05-03 16:48:57,接受范围内
25745835099.0,5.0,2019-11-10 18:06:22,没什么声音
25745835099.0,5.0,2019-12-22 16:47:12,安静
25745835099.0,5.0,2019-12-08 00:18:44,声音还好不太大
25745835099.0,5.0,2020-04-06 22:21:10,能接受
25745835099.0,5.0,2019-10-08 13:21:34,适合
25745835099.0,5.0,2019-12-14 10:00:52,一般
25745835099.0,5.0,2019-09-29 21:50:45,噪音小
25745835099.0,5.0,2020-04-06 15:45:53,噪音比较小比我之前的要小很很多
25745835099.0,5.0,2020-04-30 18:24:43,噪音小
25745835099.0,4.0,2020-03-31 18:50:39,有点大恒温效果不恒温安装服务到了因安装师傅有事推迟了一天来安装安装了两次第一次安装拆旧机收了元第二天晚上洗澡就坏了气的我不行报了维修第二天来维修说排烟管安装不对要换新的花元换了新的排烟管总算可以洗澡了妈呀洗个热水澡太难了耗能情况排气口好大味道出水速度虽然排量大了出水比以前8升的还小外形外观不错
25745835099.0,5.0,2020-05-25 22:57:32,几乎感觉不到超静音
25745835099.0,5.0,2020-01-04 15:35:05,声音比我以前的的热水器小很多
25745835099.0,5.0,2019-12-31 13:00:29,一点点声音
25745835099.0,5.0,2019-12-26 01:32:46,真的很静音
44559706683.0,5.0,2020-04-06 21:39:25,燃气燃烧的声音雄厚听起来很舒适比较静音
44559706683.0,5.0,2019-11-08 18:55:38,变频时声音有点大
44559706683.0,5.0,2019-12-12 12:29:27,没什么噪音
44559706683.0,5.0,2019-11-04 07:14:35,声音非常小
44559706683.0,5.0,2019-09-29 14:11:16,无噪音
44559706683.0,5.0,2019-11-18 16:45:40,基本没有噪音
44559706683.0,5.0,2019-09-28 13:52:07,暂时没什么噪音
44559706683.0,5.0,2020-01-12 22:37:26,很小
44559706683.0,5.0,2020-01-10 13:37:32,基本没啥声音
44559706683.0,5.0,2020-02-23 01:02:17,声音很小几乎没有声音
44559706683.0,5.0,2019-10-31 21:04:31,一般
44559706683.0,5.0,2019-12-06 20:57:11,噪音很小
44559706683.0,5.0,2019-10-11 16:56:29,非常安静
44559706683.0,5.0,2020-04-25 17:56:59,一点点完全能接受
44559706683.0,5.0,2019-11-08 12:48:13,几乎没有
44559706683.0,5.0,2019-12-08 22:31:51,很安静
44559706683.0,5.0,2019-11-12 22:42:15,很小
44559706683.0,5.0,2020-05-09 17:56:19,小能接受比老式的差远了
44559706683.0,5.0,2020-02-06 13:34:28,声音小
44559706683.0,5.0,2020-01-07 14:09:06,噪音正常；
44559706683.0,5.0,2020-04-23 22:59:16,噪音小
44559706683.0,5.0,2019-11-22 19:27:43,身音不小毕竟是进出风平衡式的
44559706683.0,5.0,2019-12-15 16:58:06,噪音小
44559706683.0,5.0,2020-01-13 21:53:36,比较静音
44559706683.0,5.0,2019-12-08 21:30:54,静音模式
44559706683.0,5.0,2020-02-13 14:37:37,比较小
44559706683.0,5.0,2019-12-04 18:02:41,没什么噪音开着水洗澡基本上没注意过有声音
44559706683.0,5.0,2019-10-14 08:57:41,噪音比较小
44559706683.0,5.0,2019-11-08 08:45:24,有一点噪音
44559706683.0,5.0,2019-11-15 07:51:28,挺小的
44559706683.0,5.0,2019-10-11 20:24:50,几乎可以忽略
44559706683.0,5.0,2019-12-31 12:25:20,好安静
44559706683.0,5.0,2020-02-01 13:22:11,比万和的小声多了原来用的就是万和没有对比就没有伤害
44559706683.0,5.0,2019-10-30 20:00:55,比我原来进口的樱花安静
44559706683.0,5.0,2019-11-24 22:20:52,有点大我家旧的那台也是美的但是完全没有声音
44559706683.0,5.0,2019-11-05 22:11:03,有一点声音应该是正常的吧
44559706683.0,5.0,2020-04-23 15:03:04,基本上听不到声音
44559706683.0,5.0,2019-09-23 20:46:18,可以接受
44559706683.0,5.0,2019-11-11 11:08:41,涡轮有点恐怖外机皮会有浮动
44559706683.0,5.0,2020-03-13 13:30:56,一般
44559706683.0,5.0,2020-04-09 15:01:38,起动有点噪音还好
44559706683.0,4.0,2020-05-10 08:36:19,不大
44559706683.0,5.0,2019-12-08 18:30:21,没什么噪音很好用
44559706683.0,5.0,2020-01-18 08:33:40,噪音不大
44559706683.0,5.0,2019-09-26 14:24:57,声音小
44559706683.0,5.0,2020-04-12 16:30:15,噪音适中没有太大的声音
44559706683.0,5.0,2020-04-11 17:41:40,算是比较静音的
44559706683.0,5.0,2020-04-04 16:10:48,小小的
44559706683.0,5.0,2020-03-23 17:43:24,比较小
44559706683.0,5.0,2020-01-11 20:47:15,没有噪音
44559706683.0,5.0,2020-01-09 19:24:48,正常有一点噪音不算很大
44559706683.0,1.0,2019-11-29 08:20:31,有点大安装服务不想说我原来用的是万和平衡式的建议安装师傅按原来的排烟管道师傅要求用原配的说可能要装三个烟管转弯头不一定够每个收费要元拆下原来的旧机元其实就在热水器排烟口装一个转接口就行了烟管都是一样双层的为什么不为顾客着想想尽办法让顾客多花钱呢后来我让安装师傅回去了别装了美的品质好不好我现在不予置评但这种安装收费让我不解对不起美的再见
26153448896.0,1.0,2019-12-15 17:04:12,声音在卧室都能听到很大的
26153448896.0,5.0,2019-12-14 20:22:07,噪音很小
26153448896.0,5.0,2020-07-09 11:17:31,开机测试感觉不到噪音
26153448896.0,5.0,2020-06-01 11:46:33,关上小阳台门听不到什么声音
26153448896.0,5.0,2020-06-14 13:29:28,噪音很小
26153448896.0,5.0,2019-11-14 19:52:11,很小
26153448896.0,5.0,2019-10-20 00:49:59,声音很小
26153448896.0,5.0,2020-05-27 22:40:09,噪音很小外观漂亮安装后试试水很好
26153448896.0,5.0,2020-01-12 08:05:12,不大基本没有噪音
26153448896.0,5.0,2020-06-27 18:30:18,声音还好吧
26153448896.0,5.0,2019-12-21 17:09:56,能接受
26153448896.0,5.0,2020-05-29 10:43:28,正好
26153448896.0,5.0,2020-01-04 08:49:22,根本没有
26153448896.0,5.0,2020-02-04 14:11:57,噪音不大在可接受范围总体来说还是很满意的
26153448896.0,5.0,2019-12-24 14:37:45,噪音小
26153448896.0,5.0,2020-01-18 21:18:00,非常小
26153448896.0,5.0,2020-07-05 11:10:00,很小
26153448896.0,5.0,2019-12-30 11:26:10,噪音比以前用要小
26153448896.0,5.0,2019-11-09 22:05:09,噪音不大我是开放式厨房能接受
26153448896.0,5.0,2020-03-08 10:29:12,可以
26153448896.0,5.0,2020-01-28 19:01:50,家里开阔感觉不出来
26153448896.0,5.0,2020-01-20 19:47:30,噪音小
26153448896.0,5.0,2019-11-17 17:44:44,非常小值得拥有
26153448896.0,5.0,2019-12-18 08:11:32,还可以比较小
26153448896.0,5.0,2020-01-29 12:39:56,不大
26153448896.0,5.0,2019-11-29 17:33:04,噪音不大
26153448896.0,5.0,2019-11-25 15:29:04,噪音很小
26153448896.0,5.0,2019-10-27 01:06:59,热水器声音很小没有嗓高
26153448896.0,5.0,2019-12-07 22:25:50,无噪音
26153448896.0,5.0,2020-01-06 11:29:36,安装在厨房平时也不觉得有声音
26153448896.0,5.0,2019-11-25 11:53:17,较小
26153448896.0,5.0,2020-06-17 08:58:01,不大较安静
26153448896.0,5.0,2019-12-13 14:04:18,声音不大
26153448896.0,5.0,2020-04-23 09:57:11,无声音
26153448896.0,5.0,2020-04-11 16:56:44,师傅已经安装好了好声音还是比较小的用起来外观也很漂亮初步使用了一下还是蛮不错的呀
26153448896.0,5.0,2019-12-26 18:26:08,能接受
26153448896.0,5.0,2020-02-06 19:35:42,声音很小
26153448896.0,5.0,2019-12-17 09:29:52,很小
26153448896.0,5.0,2020-05-28 21:13:44,声音一般还可以
26153448896.0,5.0,2019-11-24 22:48:40,不大
26153448896.0,5.0,2020-01-16 13:19:06,声音适中没有很大的声音
26153448896.0,5.0,2019-11-19 15:46:05,声音也不大在能接收的范围内总之还是很满意的
26153448896.0,5.0,2020-03-19 15:05:48,偏大
26153448896.0,5.0,2019-12-17 10:31:46,声音很小很满意
26153448896.0,5.0,2020-01-18 23:36:25,非常小
26153448896.0,5.0,2020-01-05 15:51:34,还不清楚
26153448896.0,5.0,2020-02-22 09:48:12,可以接受
26153448896.0,5.0,2019-11-29 13:20:24,噪音小
26153448896.0,5.0,2019-10-13 10:08:55,噪音很小一点都不吵
26153448896.0,5.0,2020-03-26 10:57:55,声音不大
26153448896.0,5.0,2019-11-14 21:42:37,很小
26153448896.0,5.0,2020-05-11 16:59:44,非常小
26153448896.0,5.0,2019-11-19 16:39:12,无噪音
26153448896.0,5.0,2020-06-02 15:17:30,可以接受
26153448896.0,5.0,2020-01-17 19:58:36,没接通燃气不知道
26153448896.0,5.0,2019-11-18 12:12:25,无噪音
26153448896.0,5.0,2020-01-06 16:03:43,很小
26153448896.0,5.0,2019-11-28 13:06:59,噪音很小在可以接受范围以内
26153448896.0,5.0,2019-11-23 19:52:49,声音很小声很安静
26153448896.0,5.0,2020-06-24 15:59:22,满意
